id,snk,fr,snk_original,source,licence,contributeur,variante,domaine,origine,validation
contrib-lot_000-001-1,"Lenki lele, n ma yan sorene.","Ce soir, ma mère prépare le repas.","Lenki lélé, n'ma yan soréné.",contributions/lot_000,CC BY 4.0,Birama,Gadiaga,quotidien,locuteur,validée
contrib-lot_000-001-2,"Lenki lele, n ma yani yaraxate sorono.","Ce soir, ma mère prépare le repas.","Lenki lélé, n'ma yani yaraxate sorono.",contributions/lot_000,CC BY 4.0,Birama,Gadiaga,quotidien,locuteur,validée
contrib-lot_000-002-1,Kotasu n tela doono.,Je vais là-bas tous les jours.,Kotasu n'tela doono,contributions/lot_000,CC BY 4.0,Birama,Gadiaga,quotidien,locuteur,validée
contrib-lot_001-001-1,"An wuy jamu, anmoxo ?","Bonjour, comment vas-tu ?","an wuy jamu, anmoxo ?",contributions/lot_001,CC BY 4.0,Birama,Gadiaga,quotidien,locuteur,validée
contrib-lot_001-002-1,"Ma jamu, an do baraje.","Je vais bien, merci.","ma jamu, an do barajé.",contributions/lot_001,CC BY 4.0,Birama,Gadiaga,quotidien,locuteur,validée
contrib-lot_001-003-1,An ka du n ko moxo ?,Comment va ta famille ?,an ka du n'ko moxo ?,contributions/lot_001,CC BY 4.0,Birama,Gadiaga,quotidien,locuteur,validée
contrib-lot_001-004-1,A suy jamu.,Tout le monde va bien.,a suy jamu.,contributions/lot_001,CC BY 4.0,Birama,Gadiaga,quotidien,locuteur,validée
contrib-lot_001-005-1,An toxo ?,Comment t'appelles-tu ?,an toxo ?,contributions/lot_001,CC BY 4.0,Birama,Gadiaga,quotidien,locuteur,validée
contrib-lot_001-006-1,N toxo Musa.,Je m'appelle Moussa.,n'toxo Moussa.,contributions/lot_001,CC BY 4.0,Birama,Gadiaga,quotidien,locuteur,validée
contrib-lot_001-007-1,An baka mina ?,D'où viens-tu ?,an baka mina ?,contributions/lot_001,CC BY 4.0,Birama,Gadiaga,quotidien,locuteur,validée
contrib-lot_001-008-1,N ke giri Bakel.,Je viens de Bakel.,n'ké guiri Bakel.,contributions/lot_001,CC BY 4.0,Birama,Gadiaga,quotidien,locuteur,validée
contrib-lot_001-009-1,An na bismillah.,Sois le bienvenu.,an na bismillah.,contributions/lot_001,CC BY 4.0,Birama,Gadiaga,quotidien,locuteur,validée
contrib-lot_001-010-1,Oy xumbane.,À demain.,oy xumbané.,contributions/lot_001,CC BY 4.0,Birama,Gadiaga,quotidien,locuteur,validée
contrib-lot_001-011-1,M paba faay gune.,Mon père est au champ.,m'paba faay guné.,contributions/lot_001,CC BY 4.0,Birama,Gadiaga,quotidien,locuteur,validée
contrib-lot_001-012-1,N ma faay o ka.,Ma mère est à la maison.,n'ma faay o ka.,contributions/lot_001,CC BY 4.0,Birama,Gadiaga,quotidien,locuteur,validée
contrib-lot_001-013-1,Gidan yigo fili ado gidan yaxare bane yi maxa.,J'ai deux frères et une sœur.,guidan yigo fili ado guidan yaxaré bané yi maxa.,contributions/lot_001,CC BY 4.0,Birama,Gadiaga,quotidien,locuteur,validée
contrib-lot_001-014-1,N gida faay France.,Mon grand frère vit en France.,n'guida fayi france.,contributions/lot_001,CC BY 4.0,Birama,Gadiaga,quotidien,locuteur,validée
contrib-lot_001-015-1,Lemunu m payi sangana sella.,Les enfants jouent dehors.,lemunu m'payi sangana sella.,contributions/lot_001,CC BY 4.0,Birama,Gadiaga,quotidien,locuteur,validée
contrib-lot_001-016-1,Mama faay taali kono.,Ma grand-mère raconte une histoire.,mama faayi taali kono.,contributions/lot_001,CC BY 4.0,Birama,Gadiaga,quotidien,locuteur,validée
contrib-lot_001-017-1,An m paba xa ?,Où est ton père ?,an m'paba xa ?,contributions/lot_001,CC BY 4.0,Birama,Gadiaga,quotidien,locuteur,validée
contrib-lot_001-018-1,N gida yaxare a yexi yeru.,Ma sœur s'est mariée l'année dernière.,n'guida yaxaré a yéxi yeru.,contributions/lot_001,CC BY 4.0,Birama,Gadiaga,quotidien,locuteur,validée
contrib-lot_001-019-1,Dule ña ni ŋa.,J'ai faim.,dulé nia ni nga.,contributions/lot_001,CC BY 4.0,Birama,Gadiaga,quotidien,locuteur,validée
contrib-lot_001-020-1,Daxu ña ni ŋa.,J'ai soif.,daxu nia ni nga.,contributions/lot_001,CC BY 4.0,Birama,Gadiaga,quotidien,locuteur,validée
contrib-lot_001-021-1,Ji n ki ni ŋa.,Donne-moi de l'eau.,jii n'ki ni nga.,contributions/lot_001,CC BY 4.0,Birama,Gadiaga,quotidien,locuteur,validée
contrib-lot_001-022-1,Yigande ñame.,Le repas est prêt.,yigandé niamé.,contributions/lot_001,CC BY 4.0,Birama,Gadiaga,quotidien,locuteur,validée
contrib-lot_001-023-1,Yeli yige.,Viens manger.,yeli yigué.,contributions/lot_001,CC BY 4.0,Birama,Gadiaga,quotidien,locuteur,validée
contrib-lot_001-024-1,O faay maro n do ñaxe ña yigana.,Nous mangeons du riz aujourd'hui.,o faay maro n'do niéxé nia yigana.,contributions/lot_001,CC BY 4.0,Birama,Gadiaga,quotidien,locuteur,validée
contrib-lot_001-025-1,A faay ji ña wutu gade ŋa.,Elle puise de l'eau au puits.,a faay jii niaa wutu gadé nga.,contributions/lot_001,CC BY 4.0,Birama,Gadiaga,quotidien,locuteur,validée
contrib-lot_001-026-1,Falaxe n taxe.,Ferme la porte.,falaké n'taxé.,contributions/lot_001,CC BY 4.0,Birama,Gadiaga,quotidien,locuteur,validée
contrib-lot_001-027-1,"N tampi, m payi tele saxu.","Je suis fatigué, je vais dormir.","n'tampi, m'payi telé saxu.",contributions/lot_001,CC BY 4.0,Birama,Gadiaga,quotidien,locuteur,validée
contrib-lot_001-028-1,M payi tele saxa.,Je vais au marché.,m'payi telé saxa.,contributions/lot_001,CC BY 4.0,Birama,Gadiaga,quotidien,locuteur,validée
contrib-lot_001-029-1,Ke ñaxe xobe ne mani me ?,Combien coûte ce poisson ?,ké niaxé xobé né mani mé ?,contributions/lot_001,CC BY 4.0,Birama,Gadiaga,quotidien,locuteur,validée
contrib-lot_001-030-1,Ke xote ñaani.,C'est trop cher.,ké xoté niaani.,contributions/lot_001,CC BY 4.0,Birama,Gadiaga,quotidien,locuteur,validée
contrib-lot_001-031-1,Fo bege jonko ke.,Baisse le prix.,fo bégué dionko ké.,contributions/lot_001,CC BY 4.0,Birama,Gadiaga,quotidien,locuteur,validée
contrib-lot_001-032-1,Na mula na yille ña xobo.,Je veux acheter du mil.,na mula na yillé nia xobo.,contributions/lot_001,CC BY 4.0,Birama,Gadiaga,quotidien,locuteur,validée
contrib-lot_001-033-1,Ani yoke miso ña gaagana.,Elle vend des légumes.,ani yoké misso nia gaagana.,contributions/lot_001,CC BY 4.0,Birama,Gadiaga,quotidien,locuteur,validée
contrib-lot_001-034-1,Xalisi n ti maxa.,Je n'ai pas d'argent.,xalissi n'ti maxa.,contributions/lot_001,CC BY 4.0,Birama,Gadiaga,quotidien,locuteur,validée
contrib-lot_001-035-1,Adi jexe n xobo.,Il a acheté un mouton.,adi jexé n'xobo,contributions/lot_001,CC BY 4.0,Birama,Gadiaga,quotidien,locuteur,validée
contrib-lot_001-036-1,N towoy ya.,Je suis malade.,n'towoy ya.,contributions/lot_001,CC BY 4.0,Birama,Gadiaga,quotidien,locuteur,validée
contrib-lot_001-037-1,Ñime ñaani wata.,J'ai mal à la tête.,gnimé niaani wata.,contributions/lot_001,CC BY 4.0,Birama,Gadiaga,quotidien,locuteur,validée
contrib-lot_001-038-1,Lemini ke fate ke teye ñaani.,L'enfant a de la fièvre.,lémini ké faté ké téyé niaani,contributions/lot_001,CC BY 4.0,Birama,Gadiaga,quotidien,locuteur,validée
contrib-lot_001-039-1,An na xawa tele jaare ka.,Il faut aller à l'hôpital.,an na xawa télé jaaré ka,contributions/lot_001,CC BY 4.0,Birama,Gadiaga,quotidien,locuteur,validée
contrib-lot_001-040-1,Jarandina na ni mina ?,Où est le médecin ?,jarandina na ni miné ?,contributions/lot_001,CC BY 4.0,Birama,Gadiaga,quotidien,locuteur,validée
contrib-lot_001-041-1,Ke yitte mini.,Prends ce médicament.,ké yitté mini.,contributions/lot_001,CC BY 4.0,Birama,Gadiaga,quotidien,locuteur,validée
contrib-lot_001-042-1,Lenki m paso.,Elle va mieux aujourd'hui.,lénki m'passo.,contributions/lot_001,CC BY 4.0,Birama,Gadiaga,quotidien,locuteur,validée
contrib-lot_001-043-1,Lenki teye ñaani.,Il fait chaud aujourd'hui.,lénèi teyé niaani.,contributions/lot_001,CC BY 4.0,Birama,Gadiaga,quotidien,locuteur,validée
contrib-lot_001-044-1,Lenki lele kame taxe na.,Il va pleuvoir ce soir.,lénki lélé kamé taxé na.,contributions/lot_001,CC BY 4.0,Birama,Gadiaga,quotidien,locuteur,validée
contrib-lot_001-045-1,N jofe daaru.,Je suis arrivé hier.,n'diofé daaru,contributions/lot_001,CC BY 4.0,Birama,Gadiaga,quotidien,locuteur,validée
contrib-lot_001-046-1,Awa tele xumbane suxuba.,Il partira demain matin.,awa télé xumbané suxuba.,contributions/lot_001,CC BY 4.0,Birama,Gadiaga,quotidien,locuteur,validée
contrib-lot_001-047-1,O faay goloni soxan teni.,Nous travaillons au champ.,o faay goloni soxan téni.,contributions/lot_001,CC BY 4.0,Birama,Gadiaga,quotidien,locuteur,validée
contrib-lot_001-048-1,Debe ke laate ñaani.,Le village est loin.,débé ké laaté niiani.,contributions/lot_001,CC BY 4.0,Birama,Gadiaga,quotidien,locuteur,validée
contrib-lot_001-049-1,N dugu yere.,Attends-moi ici.,n'dugu yeré.,contributions/lot_001,CC BY 4.0,Birama,Gadiaga,quotidien,locuteur,validée
contrib-lot_001-050-1,Ma faamu.,Je ne comprends pas.,ma faamu.,contributions/lot_001,CC BY 4.0,Birama,Gadiaga,quotidien,locuteur,validée
contrib-lot_002-001-1,Mane ni ke ?,Qu'est-ce que c'est ?,mane ni ke ?,contributions/lot_002,CC BY 4.0,Birama,Gadiaga,quotidien,locuteur,validée
contrib-lot_002-002-1,Ko ni ke yigo ?,Qui est cet homme ?,ko ni ke yigo ?,contributions/lot_002,CC BY 4.0,Birama,Gadiaga,quotidien,locuteur,validée
contrib-lot_002-003-1,A n teli mina ?,Où vas-tu ?,a n teli mine ?,contributions/lot_002,CC BY 4.0,Birama,Gadiaga,quotidien,locuteur,validée
contrib-lot_002-004-1,A n ñile ne kan dima ?,Quand reviens-tu ?,a n ñile ne kan dima ?,contributions/lot_002,CC BY 4.0,Birama,Gadiaga,quotidien,locuteur,validée
contrib-lot_002-005-1,A ni mane wuunu ?,Pourquoi pleures-tu ?,a ni mane wuunu ?,contributions/lot_002,CC BY 4.0,Birama,Gadiaga,quotidien,locuteur,validée
contrib-lot_002-006-1,A ni mane deberini ?,Que fais-tu ?,a ni mane deberini ?,contributions/lot_002,CC BY 4.0,Birama,Gadiaga,quotidien,locuteur,validée
contrib-lot_002-007-1,A ni mane ko ?,Qu'as-tu dit ?,a ni mane ko ?,contributions/lot_002,CC BY 4.0,Birama,Gadiaga,quotidien,locuteur,validée
contrib-lot_002-008-1,A ŋa soninke muku ?,Est-ce que tu parles soninké ?,a ŋa soninke muku ?,contributions/lot_002,CC BY 4.0,Birama,Gadiaga,quotidien,locuteur,validée
contrib-lot_002-009-1,Ko fooni ke ka ?,À qui est cette maison ?,ko fooni ke ka ?,contributions/lot_002,CC BY 4.0,Birama,Gadiaga,quotidien,locuteur,validée
contrib-lot_002-010-1,N ke mi yige.,Je n'ai pas mangé.,n ke mi yige.,contributions/lot_002,CC BY 4.0,Birama,Gadiaga,quotidien,locuteur,validée
contrib-lot_002-011-1,A ke ma ri daaru.,Il n'est pas venu hier.,a ke ma ri daaru.,contributions/lot_002,CC BY 4.0,Birama,Gadiaga,quotidien,locuteur,validée
contrib-lot_002-012-1,O n ti tele lenki.,Nous ne partons pas aujourd'hui.,o n ti tele lenki.,contributions/lot_002,CC BY 4.0,Birama,Gadiaga,quotidien,locuteur,validée
contrib-lot_002-013-1,A ke reme n ta maxa.,Elle n'a pas d'enfants.,a ke reme n ta maxa.,contributions/lot_002,CC BY 4.0,Birama,Gadiaga,quotidien,locuteur,validée
contrib-lot_002-014-1,N ke n ta tu.,Je ne le connais pas.,n ke n ta tu.,contributions/lot_002,CC BY 4.0,Birama,Gadiaga,quotidien,locuteur,validée
contrib-lot_002-015-1,I ku ma xalisi kita.,Ils n'ont pas trouvé l'argent.,i ku ma xalisi kita.,contributions/lot_002,CC BY 4.0,Birama,Gadiaga,quotidien,locuteur,validée
contrib-lot_002-016-1,An ma falaxe taxe.,Tu n'as pas fermé la porte.,an ma falaxe taxe.,contributions/lot_002,CC BY 4.0,Birama,Gadiaga,quotidien,locuteur,validée
contrib-lot_002-017-1,Mi fofasu wori.,Je n'ai rien vu.,mi fofasu wori.,contributions/lot_002,CC BY 4.0,Birama,Gadiaga,quotidien,locuteur,validée
contrib-lot_002-018-1,Lemunu m payi tele xara lexe ŋa.,Les enfants vont à l'école.,lemunu m payi tele xara lexe ŋa.,contributions/lot_002,CC BY 4.0,Birama,Gadiaga,quotidien,locuteur,validée
contrib-lot_002-019-1,Xaramoxo m payi lemunu xara ŋundi ni.,Le maître enseigne aux élèves.,xaramoxo m payi lemunu xara ŋundi ni.,contributions/lot_002,CC BY 4.0,Birama,Gadiaga,quotidien,locuteur,validée
contrib-lot_002-020-1,Lawa sefene ado safandine.,Je sais lire et écrire.,lawa sefene ado safandine.,contributions/lot_002,CC BY 4.0,Birama,Gadiaga,quotidien,locuteur,validée
contrib-lot_002-021-1,A faay gole ña muru nu.,Il cherche du travail.,a faayi gole ña muru nu.,contributions/lot_002,CC BY 4.0,Birama,Gadiaga,quotidien,locuteur,validée
contrib-lot_002-022-1,A goli ni Dakaru ya.,Elle travaille à Dakar.,a goli ni Dakaru ya.,contributions/lot_002,CC BY 4.0,Birama,Gadiaga,quotidien,locuteur,validée
contrib-lot_002-023-1,N duguta golini.,J'ai fini mon travail.,nduguta golini.,contributions/lot_002,CC BY 4.0,Birama,Gadiaga,quotidien,locuteur,validée
contrib-lot_002-024-1,O faay ka n ña tagana.,Nous allons construire une maison.,o faayi ka n ña tagana.,contributions/lot_002,CC BY 4.0,Birama,Gadiaga,quotidien,locuteur,validée
contrib-lot_002-025-1,Tege m payi yide ña deberini.,Le forgeron fabrique une houe.,tege m payi yide nia deberini.,contributions/lot_002,CC BY 4.0,Birama,Gadiaga,quotidien,locuteur,validée
contrib-lot_002-026-1,Ke yigo gile ñaani.,Cet homme est grand.,ke yigo gile ñani.,contributions/lot_002,CC BY 4.0,Birama,Gadiaga,quotidien,locuteur,validée
contrib-lot_002-027-1,Ke yaxane farampere ñaani.,Cette fille est belle.,ke yaxane farampere niani.,contributions/lot_002,CC BY 4.0,Birama,Gadiaga,quotidien,locuteur,validée
contrib-lot_002-028-1,Ke jimule ñaani.,L'eau est froide.,ke jimule ñani.,contributions/lot_002,CC BY 4.0,Birama,Gadiaga,quotidien,locuteur,validée
contrib-lot_002-029-1,A kite mexente ñaani.,Sa main est sale.,a kite mexente ñani.,contributions/lot_002,CC BY 4.0,Birama,Gadiaga,quotidien,locuteur,validée
contrib-lot_002-030-1,An kitu wanxi.,Lave-toi les mains.,an kitu wanxi.,contributions/lot_002,CC BY 4.0,Birama,Gadiaga,quotidien,locuteur,validée
contrib-lot_002-031-1,Yigo xase ŋa taxunu yite wure ŋa.,Le vieux est assis sous l'arbre.,yigo xase ŋa taxunu yite wure ŋa.,contributions/lot_002,CC BY 4.0,Birama,Gadiaga,quotidien,locuteur,validée
contrib-lot_002-032-1,Ke ka a kurumba ŋa ni.,Cette maison est neuve.,ke ka a kurumba ŋa ni.,contributions/lot_002,CC BY 4.0,Birama,Gadiaga,quotidien,locuteur,validée
contrib-lot_002-033-1,N ke meñange n sire ñaani.,Mon ami est très gentil.,n ke meñange n sire ñaani.,contributions/lot_002,CC BY 4.0,Birama,Gadiaga,quotidien,locuteur,validée
contrib-lot_002-034-1,Na m payi ji mini.,La vache boit de l'eau.,na m payi ji mini.,contributions/lot_002,CC BY 4.0,Birama,Gadiaga,quotidien,locuteur,validée
contrib-lot_002-035-1,Wule n na lemine xiñi.,Le chien a mordu l'enfant.,wule n na lemine xiñi.,contributions/lot_002,CC BY 4.0,Birama,Gadiaga,quotidien,locuteur,validée
contrib-lot_002-036-1,Yeliŋu m payi yille n yigana.,Les oiseaux mangent le mil.,yeliŋu m payi yille n yigana.,contributions/lot_002,CC BY 4.0,Birama,Gadiaga,quotidien,locuteur,validée
contrib-lot_002-037-1,O di yille n tifi.,Nous avons semé du maïs.,o di yille n tifi.,contributions/lot_002,CC BY 4.0,Birama,Gadiaga,quotidien,locuteur,validée
contrib-lot_002-038-1,Kame n texe lenki wuro.,La pluie est tombée cette nuit.,kame n texe lenki wuro.,contributions/lot_002,CC BY 4.0,Birama,Gadiaga,quotidien,locuteur,validée
contrib-lot_002-039-1,Fanŋe m pagu.,Le fleuve est plein.,fanŋe m pagu.,contributions/lot_002,CC BY 4.0,Birama,Gadiaga,quotidien,locuteur,validée
contrib-lot_002-040-1,Fanŋe ji m pagu.,Le fleuve est plein.,fanŋe ji m pagu.,contributions/lot_002,CC BY 4.0,Birama,Gadiaga,quotidien,locuteur,validée
contrib-lot_002-041-1,A faay joxo nagana na.,Il garde les moutons.,a faayi joxo nagana na.,contributions/lot_002,CC BY 4.0,Birama,Gadiaga,quotidien,locuteur,validée
contrib-lot_002-042-1,Si n jeye ñaani.,Le cheval court vite.,si n jeye ñaani.,contributions/lot_002,CC BY 4.0,Birama,Gadiaga,quotidien,locuteur,validée
contrib-lot_002-043-1,Remu siki yaani maxa.,J'ai trois enfants.,remu siki yaani maxa.,contributions/lot_002,CC BY 4.0,Birama,Gadiaga,quotidien,locuteur,validée
contrib-lot_002-044-1,Na ni tami yaani maxa.,Il a dix vaches.,na ni tami yaani maxa.,contributions/lot_002,CC BY 4.0,Birama,Gadiaga,quotidien,locuteur,validée
contrib-lot_002-045-1,A taxu yere bito fili.,Elle est restée deux jours.,a taxu yere bito fili.,contributions/lot_002,CC BY 4.0,Birama,Gadiaga,quotidien,locuteur,validée
contrib-lot_002-046-1,Mi ŋa yile rini yere do koye.,Je reviens dans une semaine.,mi ŋa yile rini yere do koye.,contributions/lot_002,CC BY 4.0,Birama,Gadiaga,quotidien,locuteur,validée
contrib-lot_002-047-1,"Xaso riye, o wa tele kaara.","Le mois prochain, nous irons au village.","xaso riye, o wa tele kaara.",contributions/lot_002,CC BY 4.0,Birama,Gadiaga,quotidien,locuteur,validée
contrib-lot_002-048-1,A ri yere lenki suxuba.,Il est venu ce matin.,a ri yere lenki suxuba.,contributions/lot_002,CC BY 4.0,Birama,Gadiaga,quotidien,locuteur,validée
contrib-lot_002-049-1,O di me wori daaru me.,Nous nous sommes vus avant-hier.,o di me wori daru me.,contributions/lot_002,CC BY 4.0,Birama,Gadiaga,quotidien,locuteur,validée
contrib-lot_002-050-1,A dala ŋa dugu.,Je t'attends depuis longtemps.,a dala ŋa duku.,contributions/lot_002,CC BY 4.0,Birama,Gadiaga,quotidien,locuteur,validée
contrib-lot_002-051-1,Saŋe ni yere do bito karagi.,La fête est dans cinq jours.,saŋe ni yere do bito karagi.,contributions/lot_002,CC BY 4.0,Birama,Gadiaga,quotidien,locuteur,validée
contrib-lot_003-001-1,Taxu.,Assieds-toi.,taxu.,contributions/lot_003,CC BY 4.0,Birama,Gadiaga,quotidien,locuteur,validée
contrib-lot_003-002-1,Giri.,Lève-toi.,giri.,contributions/lot_003,CC BY 4.0,Birama,Gadiaga,quotidien,locuteur,validée
contrib-lot_003-003-1,Li yere.,Viens ici.,li yere.,contributions/lot_003,CC BY 4.0,Birama,Gadiaga,quotidien,locuteur,validée
contrib-lot_003-004-1,An kite kini ŋa.,Donne-moi la main.,an kite kini ŋa.,contributions/lot_003,CC BY 4.0,Birama,Gadiaga,quotidien,locuteur,validée
contrib-lot_003-005-1,Muli n sefe.,Parle doucement.,muli n sefe.,contributions/lot_003,CC BY 4.0,Birama,Gadiaga,quotidien,locuteur,validée
contrib-lot_003-006-1,Ma xa wu.,Ne pleure pas.,ma xa wu.,contributions/lot_003,CC BY 4.0,Birama,Gadiaga,quotidien,locuteur,validée
contrib-lot_003-007-1,"N dema, ti Allah.","Aide-moi, s'il te plaît.","n dema, ti Allah.",contributions/lot_003,CC BY 4.0,Birama,Gadiaga,quotidien,locuteur,validée
contrib-lot_003-008-1,An gida xiri.,Appelle ton frère.,an gida xiri.,contributions/lot_003,CC BY 4.0,Birama,Gadiaga,quotidien,locuteur,validée
contrib-lot_003-009-1,N terinka siri.,Écoute-moi bien.,n terinka siri.,contributions/lot_003,CC BY 4.0,Birama,Gadiaga,quotidien,locuteur,validée
contrib-lot_003-010-1,N ke sawoya.,Je suis content.,n ke sawoya.,contributions/lot_003,CC BY 4.0,Birama,Gadiaga,quotidien,locuteur,validée
contrib-lot_003-011-1,A butu ya.,Elle est en colère.,a butu ya.,contributions/lot_003,CC BY 4.0,Birama,Gadiaga,quotidien,locuteur,validée
contrib-lot_003-012-1,N ke kana wule ŋa.,J'ai peur du chien.,n ke kana wule ŋa.,contributions/lot_003,CC BY 4.0,Birama,Gadiaga,quotidien,locuteur,validée
contrib-lot_003-013-1,A wi yaxe mula.,Il aime sa femme.,a wi yaxe mula.,contributions/lot_003,CC BY 4.0,Birama,Gadiaga,quotidien,locuteur,validée
contrib-lot_003-014-1,N ke n ti ñaxe yigana.,Je n'aime pas le poisson.,n ke n ti ñaxe yigana.,contributions/lot_003,CC BY 4.0,Birama,Gadiaga,quotidien,locuteur,validée
contrib-lot_003-015-1,A siro.,C'est bien.,a siro.,contributions/lot_003,CC BY 4.0,Birama,Gadiaga,quotidien,locuteur,validée
contrib-lot_003-016-1,Toŋu feti.,Ce n'est pas vrai.,toŋu feti.,contributions/lot_003,CC BY 4.0,Birama,Gadiaga,quotidien,locuteur,validée
contrib-lot_003-017-1,N cime ye maxa a rina.,Je pense qu'il viendra.,n cime ye maxa a rina.,contributions/lot_003,CC BY 4.0,Birama,Gadiaga,quotidien,locuteur,validée
contrib-lot_003-018-1,Ani n toŋu ko.,Tu as raison.,ani n toŋu ko.,contributions/lot_003,CC BY 4.0,Birama,Gadiaga,quotidien,locuteur,validée
contrib-lot_003-019-1,Ke ni n ka ña.,C'est ma maison.,ke ni n ka ña.,contributions/lot_003,CC BY 4.0,Birama,Gadiaga,quotidien,locuteur,validée
contrib-lot_003-020-1,Ke kitaabe ña fooni.,Ce livre est à moi.,ke kitaabe ña fooni.,contributions/lot_003,CC BY 4.0,Birama,Gadiaga,quotidien,locuteur,validée
contrib-lot_003-021-1,Ke ni n xirindi kathie ña.,Où est ton téléphone ?,ke ni n xirindi kathié nia.,contributions/lot_003,CC BY 4.0,Birama,Gadiaga,quotidien,locuteur,validée
contrib-lot_003-022-1,Lebo m payi tablu n kama.,Le couteau est sur la table.,lebo m payi tablu n kama.,contributions/lot_003,CC BY 4.0,Birama,Gadiaga,quotidien,locuteur,validée
contrib-lot_003-023-1,Lemine m payi ka m pale.,L'enfant est derrière la maison.,lemine m payi ka m pale.,contributions/lot_003,CC BY 4.0,Birama,Gadiaga,quotidien,locuteur,validée
contrib-lot_003-024-1,A ka m payi kara ña.,Il habite près du fleuve.,a ka m payi kara ña.,contributions/lot_003,CC BY 4.0,Birama,Gadiaga,quotidien,locuteur,validée
contrib-lot_003-025-1,N te xoore ñaani.,Mon champ est grand.,n te xooré ñani,contributions/lot_003,CC BY 4.0,Birama,Gadiaga,quotidien,locuteur,validée
contrib-lot_003-026-1,I debe n tinte ñaani.,Leur village est petit.,i debe n tinte ñani.,contributions/lot_003,CC BY 4.0,Birama,Gadiaga,quotidien,locuteur,validée
contrib-lot_003-027-1,Yaxaru m payi yille n golo.,Les femmes pilent le mil.,yaxaru m payi yille n golo.,contributions/lot_003,CC BY 4.0,Birama,Gadiaga,quotidien,locuteur,validée
contrib-lot_003-028-1,Debe gume m payi sefene.,Le chef du village a parlé.,debe gume m payi sefene.,contributions/lot_003,CC BY 4.0,Birama,Gadiaga,quotidien,locuteur,validée
contrib-lot_003-029-1,Yigu m payi miside.,Les hommes sont à la mosquée.,yigu m payi miside.,contributions/lot_003,CC BY 4.0,Birama,Gadiaga,quotidien,locuteur,validée
contrib-lot_003-030-1,O di tiga n duxuta.,Nous avons récolté l'arachide.,o di tiga n duxuta.,contributions/lot_003,CC BY 4.0,Birama,Gadiaga,quotidien,locuteur,validée
contrib-lot_003-031-1,A di siwo ji ña tiŋa i yime ŋa.,Elle porte un seau d'eau sur la tête.,a di siwo ji ña tiŋa i yime ŋa,contributions/lot_003,CC BY 4.0,Birama,Gadiaga,quotidien,locuteur,validée
contrib-lot_003-032-1,Yaxambanu ŋa regene lenki wuru.,Les jeunes dansent ce soir.,yaxambanu ŋa regene lenki wuru.,contributions/lot_003,CC BY 4.0,Birama,Gadiaga,quotidien,locuteur,validée
contrib-lot_003-033-1,Modi ŋa quraane xaraŋundini.,Le marabout enseigne le Coran.,modi ŋa quraane xaraŋundini.,contributions/lot_003,CC BY 4.0,Birama,Gadiaga,quotidien,locuteur,validée
contrib-lot_003-034-1,A wuyi texe na.,Il a plu toute la nuit.,a wuyi texe na.,contributions/lot_003,CC BY 4.0,Birama,Gadiaga,quotidien,locuteur,validée
contrib-lot_003-035-1,N tele saferi xumbane.,Je pars en voyage demain.,n tele saferi xumbane.,contributions/lot_003,CC BY 4.0,Birama,Gadiaga,quotidien,locuteur,validée
contrib-lot_003-036-1,Woto ke bono ya.,La voiture est en panne.,woto ke bono ya.,contributions/lot_003,CC BY 4.0,Birama,Gadiaga,quotidien,locuteur,validée
contrib-lot_003-037-1,Billet ke jonko ni mani me ?,Combien coûte le billet ?,billet ke jonko ni mani me ?,contributions/lot_003,CC BY 4.0,Birama,Gadiaga,quotidien,locuteur,validée
contrib-lot_003-038-1,Kile ke maniante ñaani.,La route est mauvaise.,kile ke maniante niani.,contributions/lot_003,CC BY 4.0,Birama,Gadiaga,quotidien,locuteur,validée
contrib-lot_003-039-1,A giri Franci banga.,Il est rentré de France.,a giri Franci banga,contributions/lot_003,CC BY 4.0,Birama,Gadiaga,quotidien,locuteur,validée
contrib-lot_003-040-1,Ni samba ka ña murunu.,Je cherche la maison de Samba.,ni samba ka nia murunu.,contributions/lot_003,CC BY 4.0,Birama,Gadiaga,quotidien,locuteur,validée
contrib-lot_003-041-1,O joofe dakaru wuro ña.,Nous sommes arrivés à Dakar le soir.,o joofe dakaru wuro nia.,contributions/lot_003,CC BY 4.0,Birama,Gadiaga,quotidien,locuteur,validée
contrib-lot_003-042-1,Xalisi xayi n danga.,Envoie-moi de l'argent.,xalisi xayi n danga.,contributions/lot_003,CC BY 4.0,Birama,Gadiaga,quotidien,locuteur,validée
contrib-lot_003-043-1,Kebire waaga.,Bonne fête.,kebire waaga.,contributions/lot_003,CC BY 4.0,Birama,Gadiaga,quotidien,locuteur,validée
contrib-lot_003-044-1,Allah gana n mbaraje xeri.,Que Dieu te bénisse.,Allah gana n mbaraje xeri.,contributions/lot_003,CC BY 4.0,Birama,Gadiaga,quotidien,locuteur,validée
contrib-lot_003-045-1,O yi duwana xa danga.,Mes condoléances.,o yi duwana xa danga.,contributions/lot_003,CC BY 4.0,Birama,Gadiaga,quotidien,locuteur,validée
contrib-lot_003-046-1,I yexime daaru.,Ils se sont mariés hier.,i yexime daaru.,contributions/lot_003,CC BY 4.0,Birama,Gadiaga,quotidien,locuteur,validée
contrib-lot_003-047-1,Lemina sare lenki suxuba.,Un enfant est né ce matin.,lemina sare lenki suxuba.,contributions/lot_003,CC BY 4.0,Birama,Gadiaga,quotidien,locuteur,validée
contrib-lot_003-048-1,O di jaxe xurisi do siyinde ke.,Nous avons tué un mouton pour la fête.,o di jaxe xurisi do siyinde ke.,contributions/lot_003,CC BY 4.0,Birama,Gadiaga,quotidien,locuteur,validée
contrib-lot_003-049-1,A na ma kuñi ndaga.,Salue ta mère pour moi.,a na ma kugni ndaga.,contributions/lot_003,CC BY 4.0,Birama,Gadiaga,quotidien,locuteur,validée
contrib-lot_003-050-1,Nawrari ando baraje.,Merci beaucoup.,nawrari ando baraje,contributions/lot_003,CC BY 4.0,Birama,Gadiaga,quotidien,locuteur,validée
snk_engine-serie_02-02-01,Nke faay dagana watia.,Je pars (en ce moment).,nké fayi dagana watia,snk_engine/serie_02,CC BY 4.0,,inconnue,grammaire,locuteur,non relue
snk_engine-serie_02-02-02,Anke m faay daga na watia.,Tu pars (en ce moment).,anké m'fayi daga na watia,snk_engine/serie_02,CC BY 4.0,,inconnue,grammaire,locuteur,non relue
snk_engine-serie_02-02-03,Ake m faui daga na watia.,Il part (en ce moment).,aké m'faui daga na watia,snk_engine/serie_02,CC BY 4.0,,inconnue,grammaire,locuteur,non relue
snk_engine-serie_02-02-04,Oku faui daga na watia.,Nous partons (en ce moment).,okou faui daga na watia,snk_engine/serie_02,CC BY 4.0,,inconnue,grammaire,locuteur,non relue
snk_engine-serie_02-02-05,Xaku faay daga na watia.,Vous partez (en ce moment).,xakou fayi daga na watia,snk_engine/serie_02,CC BY 4.0,,inconnue,grammaire,locuteur,non relue
snk_engine-serie_02-02-06,Iku faay daga na watia.,Ils partent (en ce moment).,ikou fayi daga na watia,snk_engine/serie_02,CC BY 4.0,,inconnue,grammaire,locuteur,non relue
snk_engine-serie_02-02-07,Ake m faay yigene watia.,Il mange (en ce moment).,aké m'fayi yigéné watia,snk_engine/serie_02,CC BY 4.0,,inconnue,grammaire,locuteur,non relue
snk_engine-serie_02-02-08,Anke n ti dagana.,Tu ne partiras pas.,anké n'ti dagana,snk_engine/serie_02,CC BY 4.0,,inconnue,grammaire,locuteur,non relue
snk_engine-serie_02-02-09,Ake n ti dagana.,Il ne partira pas.,aké n'ti dagana,snk_engine/serie_02,CC BY 4.0,,inconnue,grammaire,locuteur,non relue
snk_engine-serie_02-02-10,Oku nt'i dagana.,Nous ne partirons pas.,okou nt'i dagana,snk_engine/serie_02,CC BY 4.0,,inconnue,grammaire,locuteur,non relue
snk_engine-serie_02-02-11,Iku n ti rini.,Ils ne viendront pas.,ikou n'ti rini,snk_engine/serie_02,CC BY 4.0,,inconnue,grammaire,locuteur,non relue
snk_engine-serie_02-02-12,Nke n ti rini daga.,Je suis parti (avec n').,nké n'ti rini daga,snk_engine/serie_02,CC BY 4.0,,inconnue,grammaire,locuteur,non relue
snk_engine-serie_02-02-14,Anke n di maro n yiga.,Tu as mangé le riz.,anké n'di maro n'yiga,snk_engine/serie_02,CC BY 4.0,,inconnue,grammaire,locuteur,non relue
snk_engine-serie_02-02-15,Oku di maro n yiga.,Nous avons mangé le riz.,okou di maro n'yiga,snk_engine/serie_02,CC BY 4.0,,inconnue,grammaire,locuteur,non relue
snk_engine-serie_02-02-16,Ake rini maro n yiga.,Il mangera le riz.,aké rini maro n'yiga,snk_engine/serie_02,CC BY 4.0,,inconnue,grammaire,locuteur,non relue
snk_engine-serie_02-02-17,Ake mi maro n yiga.,Il n'a pas mangé le riz.,aké mi maro n'yiga,snk_engine/serie_02,CC BY 4.0,,inconnue,grammaire,locuteur,non relue
snk_engine-serie_02-02-18,Ake n sefe soninke.,Il a parlé soninké.,aké n'séfé soninké,snk_engine/serie_02,CC BY 4.0,,inconnue,grammaire,locuteur,non relue
snk_engine-serie_02-02-19,Ake n daga sakha lenki.,Il est parti au marché aujourd'hui.,aké n'daga sakha lenki,snk_engine/serie_02,CC BY 4.0,,inconnue,grammaire,locuteur,non relue
snk_engine-serie_02-02-20,Oku yi rini kumbene.,Nous viendrons demain.,okou yi rini koumbéné,snk_engine/serie_02,CC BY 4.0,,inconnue,grammaire,locuteur,non relue
snk_engine-serie_02-02-21,Ake n yi rini ba ?,Est-ce qu'il viendra ?,aké n'yi rini ba ?,snk_engine/serie_02,CC BY 4.0,,inconnue,grammaire,locuteur,non relue
snk_engine-serie_02-02-22,Mane ni anke gi ri ?,Pourquoi es-tu venu ?,mané ni anké gui ri ?,snk_engine/serie_02,CC BY 4.0,,inconnue,grammaire,locuteur,non relue
snk_engine-serie_02-02-23,Anke m faay rini daga mina.,Où partiras-tu ?,anké m'fayi rini daga mina,snk_engine/serie_02,CC BY 4.0,,inconnue,grammaire,locuteur,non relue
snk_engine-serie_02-02-24,Ake m mini.,Il a bu.,aké m'mini,snk_engine/serie_02,CC BY 4.0,,inconnue,grammaire,locuteur,non relue
snk_engine-serie_02-02-25,Ake xenxxe.,Il a dormi.,aké xénxxé,snk_engine/serie_02,CC BY 4.0,,inconnue,grammaire,locuteur,non relue
snk_engine-serie_02-02-26,Ake n di lemine n wori.,Il a vu l'enfant.,aké n'di léminé n'wori,snk_engine/serie_02,CC BY 4.0,,inconnue,grammaire,locuteur,non relue
snk_engine-serie_02-02-28,Ake n golli.,Il a travaillé.,aké n'golli,snk_engine/serie_02,CC BY 4.0,,inconnue,grammaire,locuteur,non relue
snk_engine-serie_03-03-01,Ake n di lemine ke 'wori.,Il a vu l'enfant.,aké n'di léminé ké 'wori,snk_engine/serie_03,CC BY 4.0,,inconnue,grammaire,locuteur,non relue
snk_engine-serie_03-03-02,Anke n di lemine ke wori.,Tu as vu l'enfant.,anké n'di léminé ké wori,snk_engine/serie_03,CC BY 4.0,,inconnue,grammaire,locuteur,non relue
snk_engine-serie_03-03-03,Ake n goli ou ake n golinia.,Il a travaillé.,Aké n'goli ou aké n'golinia,snk_engine/serie_03,CC BY 4.0,,inconnue,grammaire,locuteur,non relue
snk_engine-serie_03-03-04,Ake n' xenxe.,Il a dormi.,aké n' xénxé,snk_engine/serie_03,CC BY 4.0,,inconnue,grammaire,locuteur,non relue
snk_engine-serie_03-03-05,Anke xenxe.,Tu as dormi.,anké xénxé,snk_engine/serie_03,CC BY 4.0,,inconnue,grammaire,locuteur,non relue
snk_engine-serie_03-03-06,Anke n ti rini sefe.,Tu ne parleras pas.,anké n'ti rini séfé,snk_engine/serie_03,CC BY 4.0,,inconnue,grammaire,locuteur,non relue
snk_engine-serie_03-03-07,Anke n ti rini wuru.,Tu ne courras pas.,anké n'ti rini wuru,snk_engine/serie_03,CC BY 4.0,,inconnue,grammaire,locuteur,non relue
snk_engine-serie_03-03-08,Anke n ti rini.,Tu ne regarderas pas.,anké n'ti rini,snk_engine/serie_03,CC BY 4.0,,inconnue,grammaire,locuteur,non relue
snk_engine-serie_03-03-11,Ake m faay senene watia.,Il parle (en ce moment).,aké m'fayi sénéné watia,snk_engine/serie_03,CC BY 4.0,,inconnue,grammaire,locuteur,non relue
snk_engine-serie_03-03-12,Ake m faay wurunu watia.,Il court (en ce moment).,aké m'fayi wurunu watia,snk_engine/serie_03,CC BY 4.0,,inconnue,grammaire,locuteur,non relue
snk_engine-serie_03-03-14,Ake min et.,Il a bu.,aké min et,snk_engine/serie_03,CC BY 4.0,,inconnue,grammaire,locuteur,non relue
snk_engine-serie_03-03-15,Ake n di maro khobo.,Il a acheté le riz.,aké n'di maro khobo,snk_engine/serie_03,CC BY 4.0,,inconnue,grammaire,locuteur,non relue
snk_engine-serie_03-03-16,Ake n di lettra n safa ou ake n di fare n safa.,Il a écrit la lettre.,aké n'di léttra n'safa ou aké n'di faré n'safa,snk_engine/serie_03,CC BY 4.0,,inconnue,grammaire,locuteur,non relue
snk_engine-serie_03-03-17,N di lemine n wori.,J'ai vu l'enfant. (avec le pronom n),n'di léminé n'wori,snk_engine/serie_03,CC BY 4.0,,inconnue,grammaire,locuteur,non relue
snk_engine-serie_03-03-18,Oku di lemine n wori ou o di lemine nwori.,Nous avons vu l'enfant.,oku di léminé n'wori ou o di léminé nwori,snk_engine/serie_03,CC BY 4.0,,inconnue,grammaire,locuteur,non relue
snk_engine-serie_03-03-19,Ake maxa maro n yiga.,Il n'a pas mangé le riz.,aké maxa maro n'yiga,snk_engine/serie_03,CC BY 4.0,,inconnue,grammaire,locuteur,non relue
snk_engine-serie_03-03-20,Ake maxa yige ou juste ake mi yige.,Il n'a pas mangé.,aké maxa yigué ou juste aké mi yigué,snk_engine/serie_03,CC BY 4.0,,inconnue,grammaire,locuteur,non relue
snk_engine-serie_03-03-21,Anke maxa lemine n wori ou anke mi lemine ke wori.,Tu n'as pas vu l'enfant.,anké maxa léminé n'wori ou anké mi léminé ké wori,snk_engine/serie_03,CC BY 4.0,,inconnue,grammaire,locuteur,non relue
snk_engine-serie_03-03-22,Ake n ti rini maro ke nyiga ou ak ntaxa rini maro ke n yiga.,Il ne mangera pas le riz.,aké n'ti rini maro ké nyiga ou ak ntaxa rini maro ké n'yiga,snk_engine/serie_03,CC BY 4.0,,inconnue,grammaire,locuteur,non relue
snk_engine-texte_journee-journee-01,"Suxuba su, kti kiye ke ga baka. nke na giri, nke na wanqi ado ni suxuba m po deberi. kempale, na yige ado n a ji mini kati n ga baka ka ke noxo.","Chaque matin, je me réveille avant le lever du soleil. Je me lève, je me lave le visage et je prépare mon petit-déjeuner. Ensuite, je mange et je bois de l'eau avant de sortir de la maison.","suxuba su, kti kiyé ké ga baka. nké na guiri, nké na wanqi ado ni suxuba m'po debéri. kémpalé, na yigué ado n'a dji mini kati n'ga baka ka ké noxo.",snk_engine/texte_journee,CC BY 4.0,,inconnue,quotidien,locuteur,non relue
snk_engine-texte_journee-journee-02,"Xoxone ke gilli kati kaane. a na wanqi, a na i yiramu londi ana ri n sagata. o na fo lemane sefe. kempale o na bogu ka ke noxo do me. o na tere ma saxa bawoni on na qawa yokuni n gobo ni ya xobono ou sarano nda.","Mon frère se réveille plus tard. Il se lave, s'habille et vient me rejoindre. Nous parlons quelques minutes, puis nous quittons la maison ensemble. Nous marchons jusqu'au marché parce que nous devons acheter plusieurs choses pour notre famille.","xoxoné ké guilli kati kaané. a na wanqi, a na i yiramou londi ana ri n'sagata. o na fo lémané séfé. kémpalé o na bogou ka ké noxo do mé. o na téré ma saxa bawoni on na qawa yokouni n'gobo ni ya xobono ou sarano nda.",snk_engine/texte_journee,CC BY 4.0,,inconnue,quotidien,locuteur,non relue
snk_engine-texte_journee-journee-03,"Saxa ke, o di o taxalema n wori. a di o tirindi o ga daga-na noqu be. o ti a daŋa-ni o ni mula na xobo maro, ado teh, ado mburou ado legume-ni ado yite-remu. a di koyi oya butiki-be jonko-ni neye ngeni. o ro butiki ke noxo, o di yokuni m payi. gaaga-na ke di o bisimilah ado tirini on ga fo be mula.","Au marché, nous rencontrons notre voisin. Il nous demande où nous allons. Nous lui expliquons que nous voulons acheter du riz, du lait, du pain, des légumes et des fruits. Il nous montre une boutique où les prix sont moins chers. Nous entrons dans la boutique et nous regardons les produits. Le vendeur nous accueille et nous demande ce que nous voulons.","saxa ké, o di o taxaléma n'wori. a di o tirindi o ga daga-na noqu bé. o ti a daŋa-ni o ni mula na xobo maro, ado téh, ado mbourou ado legume-ni ado yité-remu. a di koyi oya boutiki-bé dionko-ni néyé ngueni. o ro butiki ké noxo, o di yokuni m'payi. gaaga-na ké di o bisimilah ado tirini on ga foo bé mula.",snk_engine/texte_journee,CC BY 4.0,,inconnue,quotidien,locuteur,non relue
snk_engine-texte_journee-journee-04,"O di fo q'xobo o xaju n ga yeyi, kempale o di tuga. gaaga-na ke di o wetieti kini o ya, odi nawari.","Nous achetons ce dont nous avons besoin, puis nous payons. Le vendeur nous donne notre monnaie et nous le remercions. Après cela, nous retournons à la maison.","o di fo q'xobo o xaju n'ga yéyi, kémpalé o di tuga. gaaga-na ké di o wetiéti kini o ya, odi nawari.",snk_engine/texte_journee,CC BY 4.0,,inconnue,quotidien,locuteur,non relue
snk_engine-texte_journee-journee-05,"Dimma m be o gi dioofe, o ma di yerexate n soro. odi yokuni n kine-yi, yokuni ku beni o gedi xobo. a di wanqi, adi kutu, a di soreye diompa. aga sorene dimma m be, xoxone ke yi bara ke sella na. nke xayi ka ke range-ne.","Quand nous arrivons, notre mère prépare le repas. Nous lui donnons les aliments que nous avons achetés. Elle les lave, les coupe et commence à cuisiner. Pendant qu'elle cuisine, mon frère balaie la cour et moi, je range la maison.","dimma m'bé o gui dioofé, o ma di yéréxaté n'soro. odi yokuni n'kiné-yi, yokuni ku béni o gedi xobo. a di wanqi, adi kutu, a di soréyé diompa. aga soréné dimma m'bé, xoxoné ké yi bara ké sélla na. nké xayi ka ké rangé-né.",snk_engine/texte_journee,CC BY 4.0,,inconnue,quotidien,locuteur,non relue
snk_engine-texte_journee-journee-06,"Midi dimma, n daga locolu. n di xara moxo n terinka, n di safande xara, n safandi cahier noxo, n di xara moxo n tirindi gema faamu. xaramoxo n di tirindindu jabi kefni na tirindindu xoto fatampachi.","Dans l'après-midi, je vais à l'école. J'écoute le professeur, je lis un texte, j'écris dans mon cahier et je pose des questions quand je ne comprends pas. Le professeur répond à mes questions et explique les choses difficiles.","midi dimma, n'daga locolou. n'di xara moxo n'terinka, n'di safandé xara, n'safandi cahier noxo, n'di xara moxo n'tirindi géma famou. xaramoxo n'di tirindindou jabi kéfni na tirindindou xoto fatampachi.",snk_engine/texte_journee,CC BY 4.0,,inconnue,quotidien,locuteur,non relue
snk_engine-texte_journee-journee-07,"Locolu m falle, n daga o ka. n di xana-nu ŋ'wori o ka m fallaqe. on sanga do me. minuti-ni dangi falle, sere su daga i ka.","Après l'école, je rentre chez moi. Je retrouve mes amis devant la maison. Nous jouons ensemble pendant quelques minutes, puis chacun retourne chez lui.","locolou m'fallé, n'daga o ka. n'di xana-nu ŋ'wori o ka m'fallaqé. on sanga doo mé. minuti-ni dangi fallé, séré su daga i ka.",snk_engine/texte_journee,CC BY 4.0,,inconnue,quotidien,locuteur,non relue
snk_engine-texte_journee-journee-08,"Lele, o yige xadi en famille. yigu-ye m falle, n di devoir-ni deberi. n di page lamanu xara livru yogo, n di moxo sirondi pur xumbene. kati n ga xenxe-ne, n di ma sefe, n di jurne moxo nko a daŋa-ni. kempale, n soxu, n xenxe.","Le soir, nous mangeons encore une fois en famille. Après le repas, je fais mes devoirs, je lis quelques pages d'un livre et je prépare mes affaires pour le lendemain. Avant de dormir, je parle avec ma mère et je lui raconte ma journée. Ensuite, je me couche et je dors.","lélé, o yigué xadi en famille. yigu-yé m'fallé, n'di devoir-ni débéri. n'di page lamanou xara livrou yogo, n'di moxo sirondi pur xoumbéné. kati n'ga xénxé-né, n'di ma séfé, n'di journé moxo nko a daŋa-ni. kémpalé, n'soxu, n'xénxé.",snk_engine/texte_journee,CC BY 4.0,,inconnue,quotidien,locuteur,non relue
snk_engine-texte_marche-marche-01,Anke dagana minna ?,Bonjour. Où vas-tu ?,Anké dagana minna ?,snk_engine/texte_marche,CC BY 4.0,,inconnue,quotidien,locuteur,non relue
snk_engine-texte_marche-marche-02,Nke faay dagana saxa.,Je vais au marché.,nké fayi dagana saxa.,snk_engine/texte_marche,CC BY 4.0,,inconnue,quotidien,locuteur,non relue
snk_engine-texte_marche-marche-03,Mane-ni anke n ga dagana saxa ?,Pourquoi vas-tu au marché ?,mané-ni anké n'ga dagana saxa ?,snk_engine/texte_marche,CC BY 4.0,,inconnue,quotidien,locuteur,non relue
snk_engine-texte_marche-marche-04,Bawoni nke na n xawa maro ado teh n ya xobono.,Parce que je dois acheter du riz et du thé.,bawoni nké na n'xawa maro ado téh n'ya xobono.,snk_engine/texte_marche,CC BY 4.0,,inconnue,quotidien,locuteur,non relue
snk_engine-texte_marche-marche-05,Anke n do ko dagana dome ?,Avec qui y vas-tu ?,anké n'do ko dagana domé ?,snk_engine/texte_marche,CC BY 4.0,,inconnue,quotidien,locuteur,non relue
snk_engine-texte_marche-marche-06,Nke do xoxone n ya faay dagana dome.,J'y vais avec mon frère.,nké do xoxoné n'ya fayi dagana domé.,snk_engine/texte_marche,CC BY 4.0,,inconnue,quotidien,locuteur,non relue
snk_engine-texte_marche-marche-07,"Est ce que, anke MA ayi ka ke ba ? ou Est ce que, A ma yi ka ke ?",Est-ce que ta mère est à la maison ?,"Est ce que, anké MA ayi ka ké ba ? ou Est ce que, A ma yi ka ké ?",snk_engine/texte_marche,CC BY 4.0,,inconnue,quotidien,locuteur,non relue
snk_engine-texte_marche-marche-08,"Ayi, ake n ti ka ke. a daga gunne.","Non, elle n'est pas à la maison. Elle est partie au champ.","Ayi, aké n'ti ka ké. a daga gounné.",snk_engine/texte_marche,CC BY 4.0,,inconnue,quotidien,locuteur,non relue
snk_engine-texte_marche-marche-09,An l'rini kan dimma ?,Quand reviendras-tu ?,An l'rini kan dimma ?,snk_engine/texte_marche,CC BY 4.0,,inconnue,quotidien,locuteur,non relue
snk_engine-texte_marche-marche-10,L'rini lele.,Je reviendrai ce soir.,l'rini lélé,snk_engine/texte_marche,CC BY 4.0,,inconnue,quotidien,locuteur,non relue
snk_engine-texte_marche-marche-11,An di mane xobo daaru ?,Qu'est-ce que tu as acheté hier ?,An di mané xobo daru ?,snk_engine/texte_marche,CC BY 4.0,,inconnue,quotidien,locuteur,non relue
snk_engine-texte_marche-marche-12,"Daaru, n d mburu n ya xobo. lenki, xalisi n ti maxa.","Hier, j'ai acheté du pain. Aujourd'hui, je n'ai pas d'argent.","daru, n'd mburu n'ya xobo. lenki, xalisi n'ti maxa.",snk_engine/texte_marche,CC BY 4.0,,inconnue,quotidien,locuteur,non relue
snk_engine-texte_marche-marche-13,Mani-me ni maro ?,Combien coûte le riz ?,Mani-mé ni maro ?,snk_engine/texte_marche,CC BY 4.0,,inconnue,quotidien,locuteur,non relue
snk_engine-texte_marche-marche-14,Maro ke xobene cinq cents francs.,Le riz coûte cinq cents francs.,maro ké xobéné cinq cents francs.,snk_engine/texte_marche,CC BY 4.0,,inconnue,quotidien,locuteur,non relue
snk_engine-texte_marche-marche-15,N 'Ka m faay.,Voici ma maison.,N 'Ka m'fayi.,snk_engine/texte_marche,CC BY 4.0,,inconnue,quotidien,locuteur,non relue
snk_engine-texte_marche-marche-16,Nke faba ka n ya ni.,C'est la maison de mon père.,Nké faba ka n'ya ni.,snk_engine/texte_marche,CC BY 4.0,,inconnue,quotidien,locuteur,non relue
snk_engine-texte_marche-marche-17,"Nke faba xase n ya ni, Ma lemine n yani.","Mon père est vieux, ma mère est jeune.","Nké faba xasé n'ya ni, Ma léminé n'yani.",snk_engine/texte_marche,CC BY 4.0,,inconnue,quotidien,locuteur,non relue
snk_engine-texte_marche-marche-18,Waxi-ni filli yani maxa ado gida naxaru siki.,J'ai deux frères et trois sœurs.,waxi-ni filli yani maxa ado guida naxaru siki.,snk_engine/texte_marche,CC BY 4.0,,inconnue,quotidien,locuteur,non relue
snk_engine-texte_marche-marche-19,"N waxi-ni ku faay locolu, n gida niaxaru ku faay ka.","Mes frères sont à l'école, mes sœurs sont à la maison.","N'waxi-ni kou fayi locolou, n'guida niaxaru kou fayi ka.",snk_engine/texte_marche,CC BY 4.0,,inconnue,quotidien,locuteur,non relue
snk_engine-texte_marche-marche-20,"O taxa-lemu ku, remme ngebe ñaani maxa.",Nos voisins ont beaucoup d'enfants.,"O taxa-lémou kou, rémmé nguébé niani maxa.",snk_engine/texte_marche,CC BY 4.0,,inconnue,quotidien,locuteur,non relue
snk_engine-texte_marche-marche-21,I romu ku faay sangana O bara.,Leurs enfants jouent dans notre cour.,I romu kou fayi sangana O bara.,snk_engine/texte_marche,CC BY 4.0,,inconnue,quotidien,locuteur,non relue
snk_engine-texte_marche-marche-22,Yeli yere ! Taxu.,Viens ici ! Assieds-toi.,yeli yéré ! Taxu,snk_engine/texte_marche,CC BY 4.0,,inconnue,quotidien,locuteur,non relue
snk_engine-texte_marche-marche-23,"Maro ke yiga, xa maxa yige siri.","Mange le riz, mais ne mange pas trop.","Maro ké yiga, xa maxa yigué siri.",snk_engine/texte_marche,CC BY 4.0,,inconnue,quotidien,locuteur,non relue
snk_engine-texte_marche-marche-24,"Dni kini nke, a ña ti allah.","Donne-moi l'eau, s'il te plaît.","dni kini nké, a nia ti allah.",snk_engine/texte_marche,CC BY 4.0,,inconnue,quotidien,locuteur,non relue
snk_engine-texte_marche-marche-25,"Maxa daga watia, a wara kati kaane.","Ne pars pas maintenant, attends un peu.","maxa daga watia, a wara kati kaané.",snk_engine/texte_marche,CC BY 4.0,,inconnue,quotidien,locuteur,non relue
snk_engine-texte_marche-marche-26,"Xa giri, xa terinke, xa maxa mungo do xa cahiers-ni.","Levez-vous, écoutez bien, n'oubliez pas vos cahiers.","xa guiri, xa terinké, xa maxa moungo do xa cahiers-ni",snk_engine/texte_marche,CC BY 4.0,,inconnue,quotidien,locuteur,non relue
snk_engine-texte_pluies-pluies-01,Xaaxo dimma.,La saison des pluies,Xaaxo dimma,snk_engine/texte_pluies,CC BY 4.0,,inconnue,quotidien,locuteur,non relue
snk_engine-texte_pluies-pluies-02,"Daaru lele, a di wuro ke muma kesu taxa.","Hier soir, il a plu toute la nuit.","Daru lélé, a di wuro ké muma késu taxa.",snk_engine/texte_pluies,CC BY 4.0,,inconnue,quotidien,locuteur,non relue
snk_engine-texte_pluies-pluies-03,"Lenki suxuba, kamu ke di fina, mulle xa yi du.","Ce matin, le ciel est encore gris et il fait frais.","Lenki suxuba, kamu ké di fina, mullé xa yi du.",snk_engine/texte_pluies,CC BY 4.0,,inconnue,quotidien,locuteur,non relue
snk_engine-texte_pluies-pluies-04,Nke faba giri fene.,Mon père s'est levé tôt.,Nké faba giri féné.,snk_engine/texte_pluies,CC BY 4.0,,inconnue,quotidien,locuteur,non relue
snk_engine-texte_pluies-pluies-05,A di i tonge wutu.,Il a pris sa houe.,A di i tongué wutu.,snk_engine/texte_pluies,CC BY 4.0,,inconnue,quotidien,locuteur,non relue
snk_engine-texte_pluies-pluies-06,A do xoxono n daga gune.,Il est parti au champ avec mes frères.,a do xoxono n'daga gouné.,snk_engine/texte_pluies,CC BY 4.0,,inconnue,quotidien,locuteur,non relue
snk_engine-texte_pluies-pluies-07,"Ke siine, o ni yille ni ya soxono ado maka ado tiga.","Cette année, nous allons semer du mil, du maïs et des arachides.","ké siiné, o ni yillé ni ya soxono ado maka ado tiga.",snk_engine/texte_pluies,CC BY 4.0,,inconnue,quotidien,locuteur,non relue
snk_engine-texte_pluies-pluies-08,N ma nke m faye ka.,Ma mère est restée à la maison.,N'ma nké m'faye ka.,snk_engine/texte_pluies,CC BY 4.0,,inconnue,quotidien,locuteur,non relue
snk_engine-texte_pluies-pluies-09,A di yigande kini seliŋu.,Elle a donné à manger aux poules.,a di yigandé kini seliŋu.,snk_engine/texte_pluies,CC BY 4.0,,inconnue,quotidien,locuteur,non relue
snk_engine-texte_pluies-pluies-10,Ado na na ke xamu.,Et elle a trait la vache.,ado na naa ké xamu.,snk_engine/texte_pluies,CC BY 4.0,,inconnue,quotidien,locuteur,non relue
snk_engine-texte_pluies-pluies-11,Xati ke taye ni a liŋe xa ni.,Le lait est chaud et il est très bon.,xati ké tayé ni a liŋé xa ni.,snk_engine/texte_pluies,CC BY 4.0,,inconnue,quotidien,locuteur,non relue
snk_engine-texte_pluies-pluies-12,Kame ke wa rini xadi lenki ?,Est-ce que la pluie va revenir aujourd'hui ?,Kamé ké wa rini xadi lenki ?,snk_engine/texte_pluies,CC BY 4.0,,inconnue,quotidien,locuteur,non relue
snk_engine-texte_pluies-pluies-13,Ke n ti tu.,Je ne sais pas.,Ké n'ti tu.,snk_engine/texte_pluies,CC BY 4.0,,inconnue,quotidien,locuteur,non relue
snk_engine-texte_pluies-pluies-14,Kamu ke faye : tobulu ku wa ti kiyi mbaka.,Regarde le ciel : les nuages arrivent de l'est.,kamu ké faye : tobulu ku wa ti kiyi mbaka.,snk_engine/texte_pluies,CC BY 4.0,,inconnue,quotidien,locuteur,non relue
snk_engine-texte_pluies-pluies-15,Kenkuna o na diawondi.,Alors il faut se dépêcher.,Kenkuna o na diawondi.,snk_engine/texte_pluies,CC BY 4.0,,inconnue,quotidien,locuteur,non relue
snk_engine-texte_pluies-pluies-16,"Kiyi nsiga, nke di yerexate deni gune.","À midi, j'ai apporté le repas au champ.","Kiyi nsiga, nké di yéréxaté deni guné.",snk_engine/texte_pluies,CC BY 4.0,,inconnue,quotidien,locuteur,non relue
snk_engine-texte_pluies-pluies-17,"M paba a tampi, xodo ke wa mama n.","Mon père était fatigué, il avait mal au dos.","M'paba a tampi, xodo ké wa mama n.",snk_engine/texte_pluies,CC BY 4.0,,inconnue,quotidien,locuteur,non relue
snk_engine-texte_pluies-pluies-18,O taxu yite ŋ'wure.,Nous nous sommes assis sous un arbre.,o taxu yité ŋ'wuré.,snk_engine/texte_pluies,CC BY 4.0,,inconnue,quotidien,locuteur,non relue
snk_engine-texte_pluies-pluies-19,O yige dome.,Nous avons mangé ensemble.,o yigué domé.,snk_engine/texte_pluies,CC BY 4.0,,inconnue,quotidien,locuteur,non relue
snk_engine-texte_pluies-pluies-20,Xoxone ke da kacite ŋ'wori soke noxo.,Mon petit frère a vu un serpent dans l'herbe.,xoxoné ké da katchité ŋ'wori soké noxo.,snk_engine/texte_pluies,CC BY 4.0,,inconnue,quotidien,locuteur,non relue
snk_engine-texte_pluies-pluies-21,"A konu, a xaru.",Il a eu peur et il a crié.,"a konu, a xaru.",snk_engine/texte_pluies,CC BY 4.0,,inconnue,quotidien,locuteur,non relue
snk_engine-texte_pluies-pluies-22,M paba da kari ti guma.,Mon père l'a tué avec un bâton.,m'paba da kari ti guma.,snk_engine/texte_pluies,CC BY 4.0,,inconnue,quotidien,locuteur,non relue
snk_engine-texte_pluies-pluies-23,"Lele, dima be o ga yanqana, kame ke taxe xadi.","Le soir, quand nous sommes rentrés, il pleuvait de nouveau.","Lélé, dima bé o ga yanqana, kamé ké taxé xadi.",snk_engine/texte_pluies,CC BY 4.0,,inconnue,quotidien,locuteur,non relue
snk_engine-texte_pluies-pluies-24,Lomunu ku wa sangana ji ke noxo.,Les enfants jouaient dans l'eau.,lomunu ku wa sangana dji ké noxo.,snk_engine/texte_pluies,CC BY 4.0,,inconnue,quotidien,locuteur,non relue
snk_engine-texte_pluies-pluies-25,Sugu ku wa galle ke noxo.,Et les chèvres restaient dans l'enclos.,sugu ku wa gallé ké noxo.,snk_engine/texte_pluies,CC BY 4.0,,inconnue,quotidien,locuteur,non relue
snk_engine-texte_pluies-pluies-26,"Ke ke gana taxe siri ke siine, soxampo ke wa siro no.","Si la pluie tombe bien cette année, la récolte sera bonne.","Ké ké gana taxé siri ké siiné, soxampo ké wa siro no.",snk_engine/texte_pluies,CC BY 4.0,,inconnue,quotidien,locuteur,non relue
snk_engine-texte_pluies-pluies-27,O wa biradi n kitana siine ke muma.,Et nous aurons assez de nourriture pour toute l'année.,o wa biradi n'kitana siné ké muma.,snk_engine/texte_pluies,CC BY 4.0,,inconnue,quotidien,locuteur,non relue
snk_engine-texte_repas-repas-01,"Ke lele, n ma yi yerexate ke sorono.","Ce soir, ma mère prépare le repas.","Ké lélé, n'ma yi yerexaté ké sorono.",snk_engine/texte_repas,CC BY 4.0,,inconnue,quotidien,locuteur,non relue
snk_engine-texte_repas-repas-02,A yi sorekompe noxo.,Elle est dans la cuisine.,a yi sorékompé noxo.,snk_engine/texte_repas,CC BY 4.0,,inconnue,quotidien,locuteur,non relue
snk_engine-texte_repas-repas-03,A di yimbe kumu.,Elle allume le feu.,A di yimbé kumu.,snk_engine/texte_repas,CC BY 4.0,,inconnue,quotidien,locuteur,non relue
snk_engine-texte_repas-repas-04,"A di barama taxundi, adi ji l'ro a noxo.",Elle met la marmite sur le feu et verse de l'eau dedans.,"A di barama taxundi, adi dji l'ro a noxo.",snk_engine/texte_repas,CC BY 4.0,,inconnue,quotidien,locuteur,non relue
snk_engine-texte_repas-repas-05,"A di maro ke wanqi, kempale adi basalu ku kutu, ado tamau n do tieh.","Elle lave le riz, puis elle coupe les oignons, les tomates et la viande.","a di maro ké wanqi, kémpalé adi bassalou ku kutu, ado tamau n'do tieh.",snk_engine/texte_repas,CC BY 4.0,,inconnue,quotidien,locuteur,non relue
snk_engine-texte_repas-repas-06,Xoxone yaxane ke yi bara ke sellana.,Ma petite sœur balaie la maison.,xoxoné yaxané ké yi bara ké sellana.,snk_engine/texte_repas,CC BY 4.0,,inconnue,quotidien,locuteur,non relue
snk_engine-texte_repas-repas-07,Nke yi nioŋono gede.,"Moi, j'apporte l'eau du puits.",nké yi nioŋono gédé.,snk_engine/texte_repas,CC BY 4.0,,inconnue,quotidien,locuteur,non relue
snk_engine-texte_repas-repas-08,Ngi yi suwaŋana.,Mon frère cherche du bois.,ngui yi suwaŋana.,snk_engine/texte_repas,CC BY 4.0,,inconnue,quotidien,locuteur,non relue
snk_engine-texte_repas-repas-09,Sape ke na mina ?,Où est le sel ?,Sapé ké na mina ?,snk_engine/texte_repas,CC BY 4.0,,inconnue,quotidien,locuteur,non relue
snk_engine-texte_repas-repas-10,"A faye sorekompe noxo, teh ke kara.","Il est dans la cuisine, à côté de l'huile.","a faye sorékompé noxo, téh ké kara.",snk_engine/texte_repas,CC BY 4.0,,inconnue,quotidien,locuteur,non relue
snk_engine-texte_repas-repas-11,"Kudu xa kini ŋa, yampimaxa.","Donne-moi aussi une cuillère, s'il te plaît.","kudu xa kini ŋa, yampimaxa.",snk_engine/texte_repas,CC BY 4.0,,inconnue,quotidien,locuteur,non relue
snk_engine-texte_repas-repas-12,Yigande ke duguta.,La nourriture est prête.,yigandé ké duguta.,snk_engine/texte_repas,CC BY 4.0,,inconnue,quotidien,locuteur,non relue
snk_engine-texte_repas-repas-13,N ma di o su xiri.,Ma mère appelle tout le monde.,n'ma di o su xiri.,snk_engine/texte_repas,CC BY 4.0,,inconnue,quotidien,locuteur,non relue
snk_engine-texte_repas-repas-14,"O di o kitu wanqi, kempale o taxu yagande ke kama.","Nous nous lavons les mains, puis nous nous asseyons autour du plat.","o di o kitu wanqi, kempalé o taxu yagandé ké kama.",snk_engine/texte_repas,CC BY 4.0,,inconnue,quotidien,locuteur,non relue
snk_engine-texte_repas-repas-15,"Maro ke tayeni, a liŋeni.",Le riz est chaud. Il est bon.,"maro ké tayéni, a liŋéni.",snk_engine/texte_repas,CC BY 4.0,,inconnue,quotidien,locuteur,non relue
snk_engine-texte_repas-repas-16,"Xoxone ke wa yigene buru, dulle ni a ka ŋa.",Mon petit frère mange beaucoup ; il a très faim.,"xoxoné ké wa yigené buru, dullé ni a ka ŋa.",snk_engine/texte_repas,CC BY 4.0,,inconnue,quotidien,locuteur,non relue
snk_engine-texte_repas-repas-17,"N paba du fo lemane ya yiga, bawoni a tampinte ni ya.","Mon père mange peu, parce qu'il est fatigué.","n'paba du fo lémané ya yiga, bawoni a tampinté ni ya.",snk_engine/texte_repas,CC BY 4.0,,inconnue,quotidien,locuteur,non relue
snk_engine-texte_repas-repas-18,"Yerexate ke falle, o di hataye mini.","Après le repas, nous buvons du thé.","yerexaté ké fallé, o di hatayé mini.",snk_engine/texte_repas,CC BY 4.0,,inconnue,quotidien,locuteur,non relue
snk_engine-texte_repas-repas-19,"N ma wa xollo ku wanqini, nke wa dema na.",Ma mère lave les assiettes et je l'aide.,"n'ma wa xollo ku wanqini, nké wa déma na.",snk_engine/texte_repas,CC BY 4.0,,inconnue,quotidien,locuteur,non relue
snk_engine-texte_repas-repas-20,"N gida ti ke dagana soxu fene, bawoni a goli ni ya xumbene.","Mon frère dit qu'il ira dormir tôt, parce qu'il travaille demain matin.","n'guida ti ké dagana soxu féné, bawoni a goli ni ya xumbéné.",snk_engine/texte_repas,CC BY 4.0,,inconnue,quotidien,locuteur,non relue
snk_engine-texte_repas-repas-21,"Wuro l'ro, lomunu ku xenxe.","La nuit est venue, les enfants dorment déjà.","wuro l'ro, lomunu ku xénxé.",snk_engine/texte_repas,CC BY 4.0,,inconnue,quotidien,locuteur,non relue
snk_engine-texte_repas-repas-22,"Sella ke, mule ni ya.","Dehors, il fait froid.","sélla ké, mulé ni ya.",snk_engine/texte_repas,CC BY 4.0,,inconnue,quotidien,locuteur,non relue
snk_engine-texte_travail-travail-01,"Ke suxuba, nke giri fene.","Ce matin, je me suis réveillé tôt.","Ké suxuba, nké guiri féné.",snk_engine/texte_travail,CC BY 4.0,,inconnue,quotidien,locuteur,non relue
snk_engine-texte_travail-travail-02,Nke faba daga gune.,Mon père était déjà parti au champ.,nké faba daga guné.,snk_engine/texte_travail,CC BY 4.0,,inconnue,quotidien,locuteur,non relue
snk_engine-texte_travail-travail-03,Nke goli ni ya (koota su).,Je travaille tous les jours.,Nké goli ni ya (koota su).,snk_engine/texte_travail,CC BY 4.0,,inconnue,quotidien,locuteur,non relue
snk_engine-texte_travail-travail-04,"Watia kundu, nke faay letra n ya safa kati nke waxi.","En ce moment, j'écris une lettre à mon frère.","Watia kundu, nké fayi létra n'ya safa kati nké waxi.",snk_engine/texte_travail,CC BY 4.0,,inconnue,quotidien,locuteur,non relue
snk_engine-texte_travail-travail-05,Gida niaxare a do yirame waqinde ñaani me.,Ma sœur est en train de laver les habits.,Guida niaxaré a do yiramé waqindé niaani mé.,snk_engine/texte_travail,CC BY 4.0,,inconnue,quotidien,locuteur,non relue
snk_engine-texte_travail-travail-06,Nke ma faay yerexate n sorono.,Ma mère prépare le repas.,Nké ma fayi yéréxaté n'sorono.,snk_engine/texte_travail,CC BY 4.0,,inconnue,quotidien,locuteur,non relue
snk_engine-texte_travail-travail-07,A faay ke rini daga saxa.,Elle est sur le point de partir au marché.,A fayi ké rini daga saxa.,snk_engine/texte_travail,CC BY 4.0,,inconnue,quotidien,locuteur,non relue
snk_engine-texte_travail-travail-08,An gida xa ?,Où est ton frère ?,An guida xa ?,snk_engine/texte_travail,CC BY 4.0,,inconnue,quotidien,locuteur,non relue
snk_engine-texte_travail-travail-09,A faay locolu.,Il est à l'école.,A fayi locolou.,snk_engine/texte_travail,CC BY 4.0,,inconnue,quotidien,locuteur,non relue
snk_engine-texte_travail-travail-10,A xarana kotaxu.,Il étudie tous les jours.,A xarana kotaxu.,snk_engine/texte_travail,CC BY 4.0,,inconnue,quotidien,locuteur,non relue
snk_engine-texte_travail-travail-11,Ake ni mane deberini watia ?,Qu'est-ce qu'il fait maintenant ?,Aké ni mané débérini watia ?,snk_engine/texte_travail,CC BY 4.0,,inconnue,quotidien,locuteur,non relue
snk_engine-texte_travail-travail-12,A faay safandini i kaye noxo.,Il écrit dans son cahier.,a fayi safandini i kayé noxo.,snk_engine/texte_travail,CC BY 4.0,,inconnue,quotidien,locuteur,non relue
snk_engine-texte_travail-travail-13,O ka a lamane ni ya.,Notre maison est petite.,O ka a lamané ni ya.,snk_engine/texte_travail,CC BY 4.0,,inconnue,quotidien,locuteur,non relue
snk_engine-texte_travail-travail-14,Xa yite gabo ñaani a noxo.,Mais il y a beaucoup d'arbres dans la cour.,xa yité gabo niani a noxo.,snk_engine/texte_travail,CC BY 4.0,,inconnue,quotidien,locuteur,non relue
snk_engine-texte_travail-travail-15,Kompo siki ya ni a noxo.,Il y a trois chambres.,kompo siki ya ni a noxo.,snk_engine/texte_travail,CC BY 4.0,,inconnue,quotidien,locuteur,non relue
snk_engine-texte_travail-travail-16,Nke saxura ke faay kompe fana ke noxo.,Mon lit est dans la première chambre.,nké saxura ké fayi kompé fana ké noxo.,snk_engine/texte_travail,CC BY 4.0,,inconnue,quotidien,locuteur,non relue
snk_engine-texte_travail-travail-17,"Daaru, nke do ma daga saxa.","Hier, je suis allé au marché avec ma mère.","Daru, nké do ma daga saxa.",snk_engine/texte_travail,CC BY 4.0,,inconnue,quotidien,locuteur,non relue
snk_engine-texte_travail-travail-18,O di maro ado teh ado xati ado tie qobo.,"Nous avons acheté du riz, du thé, du lait et de la viande.",O di maro ado téh ado xati ado tié qobo.,snk_engine/texte_travail,CC BY 4.0,,inconnue,quotidien,locuteur,non relue
snk_engine-texte_travail-travail-19,Gaagana ke di oku wetieti kini oku ya (o ya).,Le vendeur nous a donné la monnaie.,gagana ké di oku wétiéti kini oku ya (o ya).,snk_engine/texte_travail,CC BY 4.0,,inconnue,quotidien,locuteur,non relue
snk_engine-texte_travail-travail-20,O yille kati wuro ke ŋa roono.,Nous sommes rentrés avant la nuit.,o yillé kati wuro ké nga roono.,snk_engine/texte_travail,CC BY 4.0,,inconnue,quotidien,locuteur,non relue
snk_engine-texte_travail-travail-21,"Bawoni, kille ke gille ni ya.",Parce que la route est longue.,"bawoni, killé ké guillé ni ya.",snk_engine/texte_travail,CC BY 4.0,,inconnue,quotidien,locuteur,non relue
snk_engine-texte_travail-travail-22,Yali yere ! kitaabe ke wutu ado na xara.,Viens ici ! Prends ce livre et lis-le.,yali yéré ! kitabé ké wutu ado na xara.,snk_engine/texte_travail,CC BY 4.0,,inconnue,quotidien,locuteur,non relue
snk_engine-texte_travail-travail-23,"Nke ra nti watia, nke do yigaye ni ya me.","Je ne peux pas maintenant, je suis en train de manger.","nké ra nti watia, nké do yigayé ni ya mé.",snk_engine/texte_travail,CC BY 4.0,,inconnue,quotidien,locuteur,non relue
snk_engine-texte_travail-travail-24,"Nke kuna yige fina, kempale an na goli.","Alors mange d'abord, et travaille après.","nké kuna yigué fina, kémpalé an na goli.",snk_engine/texte_travail,CC BY 4.0,,inconnue,quotidien,locuteur,non relue
snk_engine-texte_village-village-01,"Daaru suxuba, N daga ma debe ke ya.","Hier matin, je suis allé au village de ma grand-mère.","Daru suxuba, N'daga ma débé ké ya.",snk_engine/texte_village,CC BY 4.0,,inconnue,quotidien,locuteur,non relue
snk_engine-texte_village-village-02,"N daga fene fene, kati kiye ke ga baka.","Je suis parti tôt, avant le lever du soleil.","N'daga féné féné, kati kiyé ké ga baka.",snk_engine/texte_village,CC BY 4.0,,inconnue,quotidien,locuteur,non relue
snk_engine-texte_village-village-03,Kille ke gillo.,La route était longue.,killé ké gillo.,snk_engine/texte_village,CC BY 4.0,,inconnue,quotidien,locuteur,non relue
snk_engine-texte_village-village-04,"Dimma m be n gi dioofe, Ma-ma yi taxu-nu i ka noxo.","Quand je suis arrivé, ma grand-mère était assise devant sa maison.","Dimma m'bé n'gui dioofé, Ma-ma yi taxu-nu i ka noxo.",snk_engine/texte_village,CC BY 4.0,,inconnue,quotidien,locuteur,non relue
snk_engine-texte_village-village-05,"A di ŋ'wori, a giri.",Elle m'a vu et elle s'est levée.,"A di ŋ'wori, a guiri.",snk_engine/texte_village,CC BY 4.0,,inconnue,quotidien,locuteur,non relue
snk_engine-texte_village-village-06,A ti n da : « An l'ri ! ».,Elle m'a dit : « Tu es venu ! »,A ti n'da : « An l'ri ! »,snk_engine/texte_village,CC BY 4.0,,inconnue,quotidien,locuteur,non relue
snk_engine-texte_village-village-07,A di ji kini nke ya.,Elle m'a donné de l'eau.,A di dji kini nké ya.,snk_engine/texte_village,CC BY 4.0,,inconnue,quotidien,locuteur,non relue
snk_engine-texte_village-village-08,"Kempale, a di tirindi MA xibaru.","Ensuite, elle m'a demandé des nouvelles de ma mère.","kémpalé, a di tirindi MA xibaru.",snk_engine/texte_village,CC BY 4.0,,inconnue,quotidien,locuteur,non relue
snk_engine-texte_village-village-09,N di diabi ti a yi diomu ya.,Je lui ai répondu que ma mère allait bien.,N'di diabi ti a yi diomou ya.,snk_engine/texte_village,CC BY 4.0,,inconnue,quotidien,locuteur,non relue
snk_engine-texte_village-village-10,"A ti n daŋa-ni kawu towoyinte ni ya, a daga debe xoore.",Elle m'a dit que mon oncle était malade et qu'il était parti à la ville.,"A ti n'daŋa-ni kawu towoyinté ni ya, a daga débé xoooré.",snk_engine/texte_village,CC BY 4.0,,inconnue,quotidien,locuteur,non relue
snk_engine-texte_village-village-11,O sefe siri.,Nous avons parlé longtemps.,O séfé siri.,snk_engine/texte_village,CC BY 4.0,,inconnue,quotidien,locuteur,non relue
snk_engine-texte_village-village-12,A di yerexate n soro.,Elle a préparé le repas.,A di yéréxaté n'soro.,snk_engine/texte_village,CC BY 4.0,,inconnue,quotidien,locuteur,non relue
snk_engine-texte_village-village-13,O yige dome yite xoore ŋ'wure.,Nous avons mangé ensemble sous le grand arbre.,O yigué domé yité xoré ŋ'wuré.,snk_engine/texte_village,CC BY 4.0,,inconnue,quotidien,locuteur,non relue
snk_engine-texte_village-village-14,A ka ke lamane ni ya dinan-ti o ka.,Sa maison est plus petite que la nôtre.,A ka ké lamané ni ya dinan-ti o ka.,snk_engine/texte_village,CC BY 4.0,,inconnue,quotidien,locuteur,non relue
snk_engine-texte_village-village-15,Xa a bara ke xoore ni ya.,Mais sa cour est plus grande.,xa a bara ké xoré ni ya.,snk_engine/texte_village,CC BY 4.0,,inconnue,quotidien,locuteur,non relue
snk_engine-texte_village-village-16,"Yeraxate mpalle, N tuma fonne.","Après le repas, je me suis reposé un peu.","yéraxaté mpallé, N'touma fonné.",snk_engine/texte_village,CC BY 4.0,,inconnue,quotidien,locuteur,non relue
snk_engine-texte_village-village-17,"Yigu-xoso yogo ri, A yi mulla i ni kisima wori.",Un vieil homme est venu ; il voulait voir mon grand-père.,"yigu-xoso yogo ri, A yi moulla i ni kissima wori.",snk_engine/texte_village,CC BY 4.0,,inconnue,quotidien,locuteur,non relue
snk_engine-texte_village-village-18,"N ti a da, kisima n ti yere.",Je lui ai dit que mon grand-père n'était pas là.,"n'ti a da, kissima n'ti yéré.",snk_engine/texte_village,CC BY 4.0,,inconnue,quotidien,locuteur,non relue
snk_engine-texte_village-village-19,"« An n gana daga watia, An dioofe-ne wuro ni ya. ».","« Si tu pars maintenant, tu arriveras dans la nuit. »","« An n'gana daga watia, An dioofé-né wuro ni ya. »",snk_engine/texte_village,CC BY 4.0,,inconnue,quotidien,locuteur,non relue
snk_engine-texte_village-village-20,"« An n gana toxo yere, an na daga xumbene. ».","« Si tu restes ici, tu partiras demain matin. »","« An n'gana toxo yéré, an na daga xumbéné. »",snk_engine/texte_village,CC BY 4.0,,inconnue,quotidien,locuteur,non relue
snk_engine-texte_village-village-21,N ti a da nanti nke daga na ya.,Je lui ai répondu que je devais rentrer.,N'ti a da nanti nké daga na ya.,snk_engine/texte_village,CC BY 4.0,,inconnue,quotidien,locuteur,non relue
snk_engine-texte_village-village-22,"Bawoni, goli ni ya xumbene.",Parce que je travaille demain.,"bawoni, goli ni ya xumbéné.",snk_engine/texte_village,CC BY 4.0,,inconnue,quotidien,locuteur,non relue
snk_engine-texte_village-village-23,Nke daga kiye n gi xenu.,Je suis reparti quand le soleil s'est couché.,Nké daga kiyé n'gui xénu.,snk_engine/texte_village,CC BY 4.0,,inconnue,quotidien,locuteur,non relue
snk_engine-texte_village-village-24,"Nke ni terene siri, bawoni nke ti mula na lele.","Je marchais vite, parce que je ne voulais pas arriver trop tard.","Nké ni téréné siri, bawoni nké ti mula na lélé.",snk_engine/texte_village,CC BY 4.0,,inconnue,quotidien,locuteur,non relue
snk_engine-texte_village-village-25,N dioofe ka wuro ke kaane.,Je suis arrivé à la maison avant la nuit.,N'dioofé ka wuro ké kaané.,snk_engine/texte_village,CC BY 4.0,,inconnue,quotidien,locuteur,non relue
snk_engine-texte_village-village-26,Ma a di tirindi : « A ma-ma moxo ? ».,Ma mère m'a demandé : « Comment va ta grand-mère ? »,Ma a di tirindi : « A ma-ma moxo ? »,snk_engine/texte_village,CC BY 4.0,,inconnue,quotidien,locuteur,non relue
snk_engine-texte_village-village-27,"N ti a da nanti ake n yi diomu, a kawu ya n towoyi.","Je lui ai dit qu'elle allait bien, et que son oncle était malade.","N'ti a da nanti aké n'yi diomou, a kawu ya n'towoyi.",snk_engine/texte_village,CC BY 4.0,,inconnue,quotidien,locuteur,non relue
snk_engine-validation_01-v-001,Nke na daga saxa.,que je parte au marché,nke na daga saxa,snk_engine/validation_01,CC BY 4.0,,inconnue,grammaire,moteur,non relue
snk_engine-validation_01-v-002,Nke yi dagana koota su.,je pars tous les jours,nke yi dagana koota su,snk_engine/validation_01,CC BY 4.0,,inconnue,grammaire,moteur,non relue
snk_engine-validation_01-v-003,Iku n do dagaye ni ya me saxa.,ils sont en train de partir au marché,iku n'do dagaye ni ya me saxa,snk_engine/validation_01,CC BY 4.0,,inconnue,grammaire,moteur,non relue
snk_engine-validation_01-v-004,Iku m faay dagana waxati su.,ils partent à tout moment,iku m'fayi dagana waxati su,snk_engine/validation_01,CC BY 4.0,,inconnue,grammaire,moteur,non relue
snk_engine-validation_01-v-005,An wa dagana.,tu pars,an wa dagana,snk_engine/validation_01,CC BY 4.0,,inconnue,grammaire,moteur,non relue
snk_engine-validation_01-v-006,Xa yi rini daga.,vous allez partir,xa yi rini daga,snk_engine/validation_01,CC BY 4.0,,inconnue,grammaire,moteur,non relue
snk_engine-validation_01-v-007,Anke n ti rini daga.,tu ne vas pas partir,anke n'ti rini daga,snk_engine/validation_01,CC BY 4.0,,inconnue,grammaire,moteur,non relue
snk_engine-validation_01-v-008,Anke n taxa rini daga.,tu ne vas pas partir,anke n'taxa rini daga,snk_engine/validation_01,CC BY 4.0,,inconnue,grammaire,moteur,non relue
snk_engine-validation_01-v-009,Nke faay rini daga.,je suis sur le point de partir,nke fayi rini daga,snk_engine/validation_01,CC BY 4.0,,inconnue,grammaire,moteur,non relue
snk_engine-validation_01-v-010,Daga.,pars,daga,snk_engine/validation_01,CC BY 4.0,,inconnue,grammaire,moteur,non relue
snk_engine-validation_01-v-011,Maxa daga.,ne pars pas,maxa daga,snk_engine/validation_01,CC BY 4.0,,inconnue,grammaire,moteur,non relue
snk_engine-validation_01-v-012,Xa daga.,partez,xa daga,snk_engine/validation_01,CC BY 4.0,,inconnue,grammaire,moteur,non relue
snk_engine-validation_01-v-013,An daga lenki.,tu es parti aujourd'hui,an daga lenki,snk_engine/validation_01,CC BY 4.0,,inconnue,grammaire,moteur,non relue
snk_engine-validation_01-v-014,Xaku maxa daga.,vous n'êtes pas partis,xaku maxa daga,snk_engine/validation_01,CC BY 4.0,,inconnue,grammaire,moteur,non relue
snk_engine-validation_01-v-015,Oku faay dagana watia.,nous sommes en train de partir,oku fayi dagana watia,snk_engine/validation_01,CC BY 4.0,,inconnue,grammaire,moteur,non relue
snk_engine-validation_01-v-016,A na faye saxa.,qu'il regarde au marché,a na faye saxa,snk_engine/validation_01,CC BY 4.0,,inconnue,grammaire,moteur,non relue
snk_engine-validation_01-v-017,Iku n yi fayeni lenki.,ils regardent aujourd'hui,iku n'yi fayeni lenki,snk_engine/validation_01,CC BY 4.0,,inconnue,grammaire,moteur,non relue
snk_engine-validation_01-v-018,I do fayinde ni ya me saxa.,ils sont en train de regarder au marché,i do fayinde ni ya me saxa,snk_engine/validation_01,CC BY 4.0,,inconnue,grammaire,moteur,non relue
snk_engine-validation_01-v-019,Nke faay fayeni.,je regarde,nke fayi fayeni,snk_engine/validation_01,CC BY 4.0,,inconnue,grammaire,moteur,non relue
snk_engine-validation_01-v-020,Xa wa fayeni.,vous regardez,xa wa fayeni,snk_engine/validation_01,CC BY 4.0,,inconnue,grammaire,moteur,non relue
snk_engine-validation_01-v-021,Xaku n yi rini faye saxa.,vous allez regarder au marché,xaku n'yi rini faye saxa,snk_engine/validation_01,CC BY 4.0,,inconnue,grammaire,moteur,non relue
snk_engine-validation_01-v-022,Anke n ti rini faye.,tu ne vas pas regarder,anke n'ti rini faye,snk_engine/validation_01,CC BY 4.0,,inconnue,grammaire,moteur,non relue
snk_engine-validation_01-v-023,Anke n taxa rini faye.,tu ne vas pas regarder,anke n'taxa rini faye,snk_engine/validation_01,CC BY 4.0,,inconnue,grammaire,moteur,non relue
snk_engine-validation_01-v-024,Faye.,regarde,faye,snk_engine/validation_01,CC BY 4.0,,inconnue,grammaire,moteur,non relue
snk_engine-validation_01-v-025,Maxa faye.,ne regarde pas,maxa faye,snk_engine/validation_01,CC BY 4.0,,inconnue,grammaire,moteur,non relue
snk_engine-validation_01-v-026,Xa faye.,regardez,xa faye,snk_engine/validation_01,CC BY 4.0,,inconnue,grammaire,moteur,non relue
snk_engine-validation_01-v-027,A faye.,il a regardé,a faye,snk_engine/validation_01,CC BY 4.0,,inconnue,grammaire,moteur,non relue
snk_engine-validation_01-v-028,A maxa faye.,il n'a pas regardé,a maxa faye,snk_engine/validation_01,CC BY 4.0,,inconnue,grammaire,moteur,non relue
snk_engine-validation_01-v-029,Ake m faay fayeni watia.,il est en train de regarder,ake m'fayi fayeni watia,snk_engine/validation_01,CC BY 4.0,,inconnue,grammaire,moteur,non relue
snk_engine-validation_01-v-030,I na goli lenki.,qu'ils travaillent aujourd'hui,i na goli lenki,snk_engine/validation_01,CC BY 4.0,,inconnue,grammaire,moteur,non relue
snk_engine-validation_01-v-031,Oku yi golini koota su.,nous travaillons tous les jours,oku yi golini koota su,snk_engine/validation_01,CC BY 4.0,,inconnue,grammaire,moteur,non relue
snk_engine-validation_01-v-032,A do goliye ni ya me saxa.,il est en train de travailler au marché,a do goliye ni ya me saxa,snk_engine/validation_01,CC BY 4.0,,inconnue,grammaire,moteur,non relue
snk_engine-validation_01-v-033,Anke m faay golini.,tu travailles,anke m'fayi golini,snk_engine/validation_01,CC BY 4.0,,inconnue,grammaire,moteur,non relue
snk_engine-validation_01-v-034,O wa golini.,nous travaillons,o wa golini,snk_engine/validation_01,CC BY 4.0,,inconnue,grammaire,moteur,non relue
snk_engine-validation_01-v-035,An yi rini goli saxa.,tu vas travailler au marché,an yi rini goli saxa,snk_engine/validation_01,CC BY 4.0,,inconnue,grammaire,moteur,non relue
snk_engine-validation_01-v-036,Anke n ti rini goli.,tu ne vas pas travailler,anke n'ti rini goli,snk_engine/validation_01,CC BY 4.0,,inconnue,grammaire,moteur,non relue
snk_engine-validation_01-v-037,Anke n taxa rini goli.,tu ne vas pas travailler,anke n'taxa rini goli,snk_engine/validation_01,CC BY 4.0,,inconnue,grammaire,moteur,non relue
snk_engine-validation_01-v-038,Goli.,travaille,goli,snk_engine/validation_01,CC BY 4.0,,inconnue,grammaire,moteur,non relue
snk_engine-validation_01-v-039,Maxa goli.,ne travaille pas,maxa goli,snk_engine/validation_01,CC BY 4.0,,inconnue,grammaire,moteur,non relue
snk_engine-validation_01-v-040,Xa goli.,travaillez,xa goli,snk_engine/validation_01,CC BY 4.0,,inconnue,grammaire,moteur,non relue
snk_engine-validation_01-v-041,Iku n goli lenki.,ils ont travaillé aujourd'hui,iku n'goli lenki,snk_engine/validation_01,CC BY 4.0,,inconnue,grammaire,moteur,non relue
snk_engine-validation_01-v-042,An maxa goli.,tu n'as pas travaillé,an maxa goli,snk_engine/validation_01,CC BY 4.0,,inconnue,grammaire,moteur,non relue
snk_engine-validation_01-v-043,Oku faay golini watia.,nous sommes en train de travailler,oku fayi golini watia,snk_engine/validation_01,CC BY 4.0,,inconnue,grammaire,moteur,non relue
snk_engine-validation_01-v-044,Oku na mini saxa.,buvons au marché,oku na mini saxa,snk_engine/validation_01,CC BY 4.0,,inconnue,grammaire,moteur,non relue
snk_engine-validation_01-v-045,Oku na xati ke m mini.,buvons le lait,oku na xati ke m'mini,snk_engine/validation_01,CC BY 4.0,,inconnue,grammaire,moteur,non relue
snk_engine-validation_01-v-046,An yi minini lenki.,tu bois aujourd'hui,an yi minini lenki,snk_engine/validation_01,CC BY 4.0,,inconnue,grammaire,moteur,non relue
snk_engine-validation_01-v-047,Anke n do mina ni ya me.,tu es en train de boire,anke n'do mine ni ya me,snk_engine/validation_01,CC BY 4.0,,inconnue,grammaire,moteur,non relue
snk_engine-validation_01-v-048,Iku m faay minini waxati su.,ils boivent à tout moment,iku m'fayi minini waxati su,snk_engine/validation_01,CC BY 4.0,,inconnue,grammaire,moteur,non relue
snk_engine-validation_01-v-049,Iku n do xati mina ni ya me saxa.,ils sont en train de boire du lait au marché,iku n'do xati mine ni ya me saxa,snk_engine/validation_01,CC BY 4.0,,inconnue,grammaire,moteur,non relue
snk_engine-validation_01-v-050,I wa minini saxa.,ils boivent au marché,i wa minini saxa,snk_engine/validation_01,CC BY 4.0,,inconnue,grammaire,moteur,non relue
snk_engine-validation_01-v-051,O yi rini mini.,nous allons boire,o yi rini mini,snk_engine/validation_01,CC BY 4.0,,inconnue,grammaire,moteur,non relue
snk_engine-validation_01-v-052,Anke n ti rini mini.,tu ne vas pas boire,anke n'ti rini mini,snk_engine/validation_01,CC BY 4.0,,inconnue,grammaire,moteur,non relue
snk_engine-validation_01-v-053,Anke n taxa rini mini.,tu ne vas pas boire,anke n'taxa rini mini,snk_engine/validation_01,CC BY 4.0,,inconnue,grammaire,moteur,non relue
snk_engine-validation_01-v-054,Mini.,bois,mini,snk_engine/validation_01,CC BY 4.0,,inconnue,grammaire,moteur,non relue
snk_engine-validation_01-v-055,Maxa mini.,ne bois pas,maxa mini,snk_engine/validation_01,CC BY 4.0,,inconnue,grammaire,moteur,non relue
snk_engine-validation_01-v-056,Xati ke mini.,bois le lait,xati ke mini,snk_engine/validation_01,CC BY 4.0,,inconnue,grammaire,moteur,non relue
snk_engine-validation_01-v-057,Xa mini.,buvez,xa mini,snk_engine/validation_01,CC BY 4.0,,inconnue,grammaire,moteur,non relue
snk_engine-validation_01-v-058,I mini daaru.,ils ont bu hier,i mini daru,snk_engine/validation_01,CC BY 4.0,,inconnue,grammaire,moteur,non relue
snk_engine-validation_01-v-059,Iku maxa mini.,ils n'ont pas bu,iku maxa mini,snk_engine/validation_01,CC BY 4.0,,inconnue,grammaire,moteur,non relue
snk_engine-validation_01-v-060,O di xati m mini saxa.,nous avons bu du lait au marché,o di xati m'mini saxa,snk_engine/validation_01,CC BY 4.0,,inconnue,grammaire,moteur,non relue
snk_engine-validation_01-v-061,Iku n da xati ke m mini saxa.,ils ont bu le lait au marché,iku n'da xati ke m'mini saxa,snk_engine/validation_01,CC BY 4.0,,inconnue,grammaire,moteur,non relue
snk_engine-validation_01-v-062,Nke faay minini watia.,je suis en train de boire,nke fayi minini watia,snk_engine/validation_01,CC BY 4.0,,inconnue,grammaire,moteur,non relue
snk_engine-validation_01-v-063,Xa na ri saxa.,venez au marché,xa na ri saxa,snk_engine/validation_01,CC BY 4.0,,inconnue,grammaire,moteur,non relue
snk_engine-validation_01-v-064,Ake n yi rini lenki.,il vient aujourd'hui,ake n'yi rini lenki,snk_engine/validation_01,CC BY 4.0,,inconnue,grammaire,moteur,non relue
snk_engine-validation_01-v-065,Xaku n do riye ni ya me.,vous êtes en train de venir,xaku n'do riye ni ya me,snk_engine/validation_01,CC BY 4.0,,inconnue,grammaire,moteur,non relue
snk_engine-validation_01-v-066,Nke faay rini saxa.,je viens au marché,nke fayi rini saxa,snk_engine/validation_01,CC BY 4.0,,inconnue,grammaire,moteur,non relue
snk_engine-validation_01-v-067,I wa rini.,ils viennent,i wa rini,snk_engine/validation_01,CC BY 4.0,,inconnue,grammaire,moteur,non relue
snk_engine-validation_01-v-068,A yi rini.,il va venir,a yi rini,snk_engine/validation_01,CC BY 4.0,,inconnue,grammaire,moteur,non relue
snk_engine-validation_01-v-069,Nke n ti rini.,je ne vais pas venir,nke n'ti rini,snk_engine/validation_01,CC BY 4.0,,inconnue,grammaire,moteur,non relue
snk_engine-validation_01-v-070,Anke n taxa rini ri.,tu ne vas pas venir,anke n'taxa rini ri,snk_engine/validation_01,CC BY 4.0,,inconnue,grammaire,moteur,non relue
snk_engine-validation_01-v-071,Yeli.,viens,yeli,snk_engine/validation_01,CC BY 4.0,,inconnue,grammaire,moteur,non relue
snk_engine-validation_01-v-072,Maxa yeli.,ne viens pas,maxa yeli,snk_engine/validation_01,CC BY 4.0,,inconnue,grammaire,moteur,non relue
snk_engine-validation_01-v-073,Xa yeli.,venez,xa yeli,snk_engine/validation_01,CC BY 4.0,,inconnue,grammaire,moteur,non relue
snk_engine-validation_01-v-074,An ri saxa.,tu es venu au marché,an ri saxa,snk_engine/validation_01,CC BY 4.0,,inconnue,grammaire,moteur,non relue
snk_engine-validation_01-v-075,An maxa ri.,tu n'es pas venu,an maxa ri,snk_engine/validation_01,CC BY 4.0,,inconnue,grammaire,moteur,non relue
snk_engine-validation_01-v-076,Ake m faay rini watia.,il est en train de venir,ake m'fayi rini watia,snk_engine/validation_01,CC BY 4.0,,inconnue,grammaire,moteur,non relue
snk_engine-validation_01-v-077,N na safa saxa.,que je écrive au marché,n na safa saxa,snk_engine/validation_01,CC BY 4.0,,inconnue,grammaire,moteur,non relue
snk_engine-validation_01-v-078,I na lettra n safa lenki.,qu'ils écrivent une lettre aujourd'hui,i na lettra n'safa lenki,snk_engine/validation_01,CC BY 4.0,,inconnue,grammaire,moteur,non relue
snk_engine-validation_01-v-079,An yi safana.,tu écris,an yi safana,snk_engine/validation_01,CC BY 4.0,,inconnue,grammaire,moteur,non relue
snk_engine-validation_01-v-080,Xaku n do safande ni ya me.,vous êtes en train de écrire,xaku n'do safande ni ya me,snk_engine/validation_01,CC BY 4.0,,inconnue,grammaire,moteur,non relue
snk_engine-validation_01-v-081,Iku m faay safana saxa.,ils écrivent au marché,iku m'fayi safana saxa,snk_engine/validation_01,CC BY 4.0,,inconnue,grammaire,moteur,non relue
snk_engine-validation_01-v-082,Xaku n yi lettra safana.,vous écrivez une lettre,xaku n'yi lettra safana,snk_engine/validation_01,CC BY 4.0,,inconnue,grammaire,moteur,non relue
snk_engine-validation_01-v-083,A do lettra ke safande ni ya me saxa.,il est en train de écrire la lettre au marché,a do lettra ke safande ni ya me saxa,snk_engine/validation_01,CC BY 4.0,,inconnue,grammaire,moteur,non relue
snk_engine-validation_01-v-084,Iku m faay lettra safana saxa.,ils écrivent une lettre au marché,iku m'fayi lettra safana saxa,snk_engine/validation_01,CC BY 4.0,,inconnue,grammaire,moteur,non relue
snk_engine-validation_01-v-085,An wa lettra ke safana saxa.,tu écris la lettre au marché,an wa lettra ke safana saxa,snk_engine/validation_01,CC BY 4.0,,inconnue,grammaire,moteur,non relue
snk_engine-validation_01-v-086,N wa safana saxa.,j'écris au marché,n wa safana saxa,snk_engine/validation_01,CC BY 4.0,,inconnue,grammaire,moteur,non relue
snk_engine-validation_01-v-087,Iku n yi rini safa.,ils vont écrire,iku n'yi rini safa,snk_engine/validation_01,CC BY 4.0,,inconnue,grammaire,moteur,non relue
snk_engine-validation_01-v-088,Nke n ti rini safa.,je ne vais pas écrire,nke n'ti rini safa,snk_engine/validation_01,CC BY 4.0,,inconnue,grammaire,moteur,non relue
snk_engine-validation_01-v-089,Anke n taxa rini safa.,tu ne vas pas écrire,anke n'taxa rini safa,snk_engine/validation_01,CC BY 4.0,,inconnue,grammaire,moteur,non relue
snk_engine-validation_01-v-090,Safa.,écris,safa,snk_engine/validation_01,CC BY 4.0,,inconnue,grammaire,moteur,non relue
snk_engine-validation_01-v-091,Maxa safa.,ne écris pas,maxa safa,snk_engine/validation_01,CC BY 4.0,,inconnue,grammaire,moteur,non relue
snk_engine-validation_01-v-092,Lettra ke safa.,écris la lettre,lettra ke safa,snk_engine/validation_01,CC BY 4.0,,inconnue,grammaire,moteur,non relue
snk_engine-validation_01-v-093,Xa safa.,écrivez,xa safa,snk_engine/validation_01,CC BY 4.0,,inconnue,grammaire,moteur,non relue
snk_engine-validation_01-v-094,O safa lenki.,nous avons écrit aujourd'hui,o safa lenki,snk_engine/validation_01,CC BY 4.0,,inconnue,grammaire,moteur,non relue
snk_engine-validation_01-v-095,Nke maxa safa.,je n'ai pas écrit,nke maxa safa,snk_engine/validation_01,CC BY 4.0,,inconnue,grammaire,moteur,non relue
snk_engine-validation_01-v-096,Xa di lettra ke n safa saxa.,vous avez écrit la lettre au marché,xa di lettra ke n'safa saxa,snk_engine/validation_01,CC BY 4.0,,inconnue,grammaire,moteur,non relue
snk_engine-validation_01-v-097,Xaku n da lettra ke n safa saxa.,vous avez écrit la lettre au marché,xaku n'da lettra ke n'safa saxa,snk_engine/validation_01,CC BY 4.0,,inconnue,grammaire,moteur,non relue
snk_engine-validation_01-v-098,Nke faay safana watia.,je suis en train de écrire,nke fayi safana watia,snk_engine/validation_01,CC BY 4.0,,inconnue,grammaire,moteur,non relue
snk_engine-validation_01-v-099,Oku na sefe lenki.,parlons aujourd'hui,oku na sefe lenki,snk_engine/validation_01,CC BY 4.0,,inconnue,grammaire,moteur,non relue
snk_engine-validation_01-v-100,Oku yi sefene waxati su.,nous parlons à tout moment,oku yi sefene waxati su,snk_engine/validation_01,CC BY 4.0,,inconnue,grammaire,moteur,non relue
snk_engine-validation_01-v-101,Xa do sefeye ni ya me saxa.,vous êtes en train de parler au marché,xa do sefeye ni ya me saxa,snk_engine/validation_01,CC BY 4.0,,inconnue,grammaire,moteur,non relue
snk_engine-validation_01-v-102,I faay sefene waxati su.,ils parlent à tout moment,i fayi sefene waxati su,snk_engine/validation_01,CC BY 4.0,,inconnue,grammaire,moteur,non relue
snk_engine-validation_01-v-103,N wa sefene.,je parle,n wa sefene,snk_engine/validation_01,CC BY 4.0,,inconnue,grammaire,moteur,non relue
snk_engine-validation_01-v-104,O yi rini sefe.,nous allons parler,o yi rini sefe,snk_engine/validation_01,CC BY 4.0,,inconnue,grammaire,moteur,non relue
snk_engine-validation_01-v-105,Nke n ti rini sefe.,je ne vais pas parler,nke n'ti rini sefe,snk_engine/validation_01,CC BY 4.0,,inconnue,grammaire,moteur,non relue
snk_engine-validation_01-v-106,Anke n taxa rini sefe.,tu ne vas pas parler,anke n'taxa rini sefe,snk_engine/validation_01,CC BY 4.0,,inconnue,grammaire,moteur,non relue
snk_engine-validation_01-v-107,Sefe.,parle,sefe,snk_engine/validation_01,CC BY 4.0,,inconnue,grammaire,moteur,non relue
snk_engine-validation_01-v-108,Maxa sefe.,ne parle pas,maxa sefe,snk_engine/validation_01,CC BY 4.0,,inconnue,grammaire,moteur,non relue
snk_engine-validation_01-v-109,Xa sefe.,parlez,xa sefe,snk_engine/validation_01,CC BY 4.0,,inconnue,grammaire,moteur,non relue
snk_engine-validation_01-v-110,O sefe lenki.,nous avons parlé aujourd'hui,o sefe lenki,snk_engine/validation_01,CC BY 4.0,,inconnue,grammaire,moteur,non relue
snk_engine-validation_01-v-111,I maxa sefe.,ils n'ont pas parlé,i maxa sefe,snk_engine/validation_01,CC BY 4.0,,inconnue,grammaire,moteur,non relue
snk_engine-validation_01-v-112,Oku faay sefene watia.,nous sommes en train de parler,oku fayi sefene watia,snk_engine/validation_01,CC BY 4.0,,inconnue,grammaire,moteur,non relue
snk_engine-validation_01-v-113,I na wori.,qu'ils voient,i na wori,snk_engine/validation_01,CC BY 4.0,,inconnue,grammaire,moteur,non relue
snk_engine-validation_01-v-114,Xa na maro ke ŋ'wori saxa.,voyez le riz au marché,xa na maro ke ŋ'wori saxa,snk_engine/validation_01,CC BY 4.0,,inconnue,grammaire,moteur,non relue
snk_engine-validation_01-v-115,N yi worini saxa.,je vois au marché,n yi worini saxa,snk_engine/validation_01,CC BY 4.0,,inconnue,grammaire,moteur,non relue
snk_engine-validation_01-v-116,Nke do woriye ni ya me.,je suis en train de voir,nke do woriye ni ya me,snk_engine/validation_01,CC BY 4.0,,inconnue,grammaire,moteur,non relue
snk_engine-validation_01-v-117,Nke faay worini.,je vois,nke fayi worini,snk_engine/validation_01,CC BY 4.0,,inconnue,grammaire,moteur,non relue
snk_engine-validation_01-v-118,Xaku n do lemine ke woriye ni ya me.,vous êtes en train de voir l'enfant,xaku n'do lemine ke woriye ni ya me,snk_engine/validation_01,CC BY 4.0,,inconnue,grammaire,moteur,non relue
snk_engine-validation_01-v-119,Oku wa worini.,nous voyons,oku wa worini,snk_engine/validation_01,CC BY 4.0,,inconnue,grammaire,moteur,non relue
snk_engine-validation_01-v-120,Xaku n yi rini wori.,vous allez voir,xaku n'yi rini wori,snk_engine/validation_01,CC BY 4.0,,inconnue,grammaire,moteur,non relue
snk_engine-validation_01-v-121,Anke n ti rini wori.,tu ne vas pas voir,anke n'ti rini wori,snk_engine/validation_01,CC BY 4.0,,inconnue,grammaire,moteur,non relue
snk_engine-validation_01-v-122,Anke n taxa rini wori.,tu ne vas pas voir,anke n'taxa rini wori,snk_engine/validation_01,CC BY 4.0,,inconnue,grammaire,moteur,non relue
snk_engine-validation_01-v-123,Wori.,vois,wori,snk_engine/validation_01,CC BY 4.0,,inconnue,grammaire,moteur,non relue
snk_engine-validation_01-v-124,Maxa wori.,ne vois pas,maxa wori,snk_engine/validation_01,CC BY 4.0,,inconnue,grammaire,moteur,non relue
snk_engine-validation_01-v-125,Maro ke wori.,vois le riz,maro ke wori,snk_engine/validation_01,CC BY 4.0,,inconnue,grammaire,moteur,non relue
snk_engine-validation_01-v-126,Xa wori.,voyez,xa wori,snk_engine/validation_01,CC BY 4.0,,inconnue,grammaire,moteur,non relue
snk_engine-validation_01-v-127,O wori.,nous avons vu,o wori,snk_engine/validation_01,CC BY 4.0,,inconnue,grammaire,moteur,non relue
snk_engine-validation_01-v-128,Nke maxa wori.,je n'ai pas vu,nke maxa wori,snk_engine/validation_01,CC BY 4.0,,inconnue,grammaire,moteur,non relue
snk_engine-validation_01-v-129,A di maro ŋ'wori saxa.,il a vu du riz au marché,a di maro ŋ'wori saxa,snk_engine/validation_01,CC BY 4.0,,inconnue,grammaire,moteur,non relue
snk_engine-validation_01-v-130,Xaku n da xati ke ŋ'wori saxa.,vous avez vu le lait au marché,xaku n'da xati ke ŋ'wori saxa,snk_engine/validation_01,CC BY 4.0,,inconnue,grammaire,moteur,non relue
snk_engine-validation_01-v-131,Oku faay worini watia.,nous sommes en train de voir,oku fayi worini watia,snk_engine/validation_01,CC BY 4.0,,inconnue,grammaire,moteur,non relue
snk_engine-validation_01-v-132,Nke na wuru saxa.,que je coure au marché,nke na wuru saxa,snk_engine/validation_01,CC BY 4.0,,inconnue,grammaire,moteur,non relue
snk_engine-validation_01-v-133,Xa yi wurunu.,vous courez,xa yi wurunu,snk_engine/validation_01,CC BY 4.0,,inconnue,grammaire,moteur,non relue
snk_engine-validation_01-v-134,Xa do wuruye ni ya me saxa.,vous êtes en train de courir au marché,xa do wuruye ni ya me saxa,snk_engine/validation_01,CC BY 4.0,,inconnue,grammaire,moteur,non relue
snk_engine-validation_01-v-135,O faay wurunu koota su.,nous courons tous les jours,o fayi wurunu koota su,snk_engine/validation_01,CC BY 4.0,,inconnue,grammaire,moteur,non relue
snk_engine-validation_01-v-136,A wa wurunu.,il court,a wa wurunu,snk_engine/validation_01,CC BY 4.0,,inconnue,grammaire,moteur,non relue
snk_engine-validation_01-v-137,Oku yi rini wuru.,nous allons courir,oku yi rini wuru,snk_engine/validation_01,CC BY 4.0,,inconnue,grammaire,moteur,non relue
snk_engine-validation_01-v-138,Anke n ti rini wuru.,tu ne vas pas courir,anke n'ti rini wuru,snk_engine/validation_01,CC BY 4.0,,inconnue,grammaire,moteur,non relue
snk_engine-validation_01-v-139,Anke n taxa rini wuru.,tu ne vas pas courir,anke n'taxa rini wuru,snk_engine/validation_01,CC BY 4.0,,inconnue,grammaire,moteur,non relue
snk_engine-validation_01-v-140,Wuru.,cours,wuru,snk_engine/validation_01,CC BY 4.0,,inconnue,grammaire,moteur,non relue
snk_engine-validation_01-v-141,Maxa wuru.,ne cours pas,maxa wuru,snk_engine/validation_01,CC BY 4.0,,inconnue,grammaire,moteur,non relue
snk_engine-validation_01-v-142,Xa wuru.,courez,xa wuru,snk_engine/validation_01,CC BY 4.0,,inconnue,grammaire,moteur,non relue
snk_engine-validation_01-v-143,Xaku ŋ'wuru saxa.,vous avez couru au marché,xaku ŋ'wuru saxa,snk_engine/validation_01,CC BY 4.0,,inconnue,grammaire,moteur,non relue
snk_engine-validation_01-v-144,Xa maxa wuru.,vous n'avez pas couru,xa maxa wuru,snk_engine/validation_01,CC BY 4.0,,inconnue,grammaire,moteur,non relue
snk_engine-validation_01-v-145,Nke faay wurunu watia.,je suis en train de courir,nke fayi wurunu watia,snk_engine/validation_01,CC BY 4.0,,inconnue,grammaire,moteur,non relue
snk_engine-validation_01-v-146,O na wutu.,prenons,o na wutu,snk_engine/validation_01,CC BY 4.0,,inconnue,grammaire,moteur,non relue
snk_engine-validation_01-v-147,Iku n do wutunde ni ya me.,ils sont en train de prendre,iku n'do wutunde ni ya me,snk_engine/validation_01,CC BY 4.0,,inconnue,grammaire,moteur,non relue
snk_engine-validation_01-v-148,O yi rini wutu saxa.,nous allons prendre au marché,o yi rini wutu saxa,snk_engine/validation_01,CC BY 4.0,,inconnue,grammaire,moteur,non relue
snk_engine-validation_01-v-149,Anke n ti rini wutu.,tu ne vas pas prendre,anke n'ti rini wutu,snk_engine/validation_01,CC BY 4.0,,inconnue,grammaire,moteur,non relue
snk_engine-validation_01-v-150,Anke n taxa rini wutu.,tu ne vas pas prendre,anke n'taxa rini wutu,snk_engine/validation_01,CC BY 4.0,,inconnue,grammaire,moteur,non relue
snk_engine-validation_01-v-151,Wutu.,prends,wutu,snk_engine/validation_01,CC BY 4.0,,inconnue,grammaire,moteur,non relue
snk_engine-validation_01-v-152,Maxa wutu.,ne prends pas,maxa wutu,snk_engine/validation_01,CC BY 4.0,,inconnue,grammaire,moteur,non relue
snk_engine-validation_01-v-153,Xa wutu.,prenez,xa wutu,snk_engine/validation_01,CC BY 4.0,,inconnue,grammaire,moteur,non relue
snk_engine-validation_01-v-154,O wutu daaru.,nous avons pris hier,o wutu daru,snk_engine/validation_01,CC BY 4.0,,inconnue,grammaire,moteur,non relue
snk_engine-validation_01-v-155,Xaku maxa wutu.,vous n'avez pas pris,xaku maxa wutu,snk_engine/validation_01,CC BY 4.0,,inconnue,grammaire,moteur,non relue
snk_engine-validation_01-v-156,Nke na yige saxa.,que je mange au marché,nke na yige saxa,snk_engine/validation_01,CC BY 4.0,,inconnue,grammaire,moteur,non relue
snk_engine-validation_01-v-157,Xa na maro n yiga.,mangez du riz,xa na maro n'yiga,snk_engine/validation_01,CC BY 4.0,,inconnue,grammaire,moteur,non relue
snk_engine-validation_01-v-158,Xa yi yigene waxati su.,vous mangez à tout moment,xa yi yigene waxati su,snk_engine/validation_01,CC BY 4.0,,inconnue,grammaire,moteur,non relue
snk_engine-validation_01-v-159,I do yigaye ni ya me.,ils sont en train de manger,i do yigaye ni ya me,snk_engine/validation_01,CC BY 4.0,,inconnue,grammaire,moteur,non relue
snk_engine-validation_01-v-160,A faay yigene saxa.,il mange au marché,a fayi yigene saxa,snk_engine/validation_01,CC BY 4.0,,inconnue,grammaire,moteur,non relue
snk_engine-validation_01-v-161,Iku n yi maro ke yigane koota su.,ils mangent le riz tous les jours,iku n'yi maro ke yigane koota su,snk_engine/validation_01,CC BY 4.0,,inconnue,grammaire,moteur,non relue
snk_engine-validation_01-v-162,A do maro ke yigaye ni ya me.,il est en train de manger le riz,a do maro ke yigaye ni ya me,snk_engine/validation_01,CC BY 4.0,,inconnue,grammaire,moteur,non relue
snk_engine-validation_01-v-163,Xa faay maro ke yigane saxa.,vous mangez le riz au marché,xa fayi maro ke yigane saxa,snk_engine/validation_01,CC BY 4.0,,inconnue,grammaire,moteur,non relue
snk_engine-validation_01-v-164,I wa maro ke yigane.,ils mangent le riz,i wa maro ke yigane,snk_engine/validation_01,CC BY 4.0,,inconnue,grammaire,moteur,non relue
snk_engine-validation_01-v-165,A wa yigene saxa.,il mange au marché,a wa yigene saxa,snk_engine/validation_01,CC BY 4.0,,inconnue,grammaire,moteur,non relue
snk_engine-validation_01-v-166,I yi rini yige kumbene.,ils vont manger demain,i yi rini yige kumbene,snk_engine/validation_01,CC BY 4.0,,inconnue,grammaire,moteur,non relue
snk_engine-validation_01-v-167,Anke n ti rini yige.,tu ne vas pas manger,anke n'ti rini yige,snk_engine/validation_01,CC BY 4.0,,inconnue,grammaire,moteur,non relue
snk_engine-validation_01-v-168,Anke n taxa rini yige.,tu ne vas pas manger,anke n'taxa rini yige,snk_engine/validation_01,CC BY 4.0,,inconnue,grammaire,moteur,non relue
snk_engine-validation_01-v-169,Yige.,mange,yige,snk_engine/validation_01,CC BY 4.0,,inconnue,grammaire,moteur,non relue
snk_engine-validation_01-v-170,Maxa yige.,ne mange pas,maxa yige,snk_engine/validation_01,CC BY 4.0,,inconnue,grammaire,moteur,non relue
snk_engine-validation_01-v-171,Maro yiga.,mange du riz,maro yiga,snk_engine/validation_01,CC BY 4.0,,inconnue,grammaire,moteur,non relue
snk_engine-validation_01-v-172,Xa yige.,mangez,xa yige,snk_engine/validation_01,CC BY 4.0,,inconnue,grammaire,moteur,non relue
snk_engine-validation_01-v-173,Nke yige saxa.,j'ai mangé au marché,nke yige saxa,snk_engine/validation_01,CC BY 4.0,,inconnue,grammaire,moteur,non relue
snk_engine-validation_01-v-174,Anke maxa yige.,tu n'as pas mangé,anke maxa yige,snk_engine/validation_01,CC BY 4.0,,inconnue,grammaire,moteur,non relue
snk_engine-validation_01-v-175,Ake n di maro n yiga.,il a mangé du riz,ake n'di maro n'yiga,snk_engine/validation_01,CC BY 4.0,,inconnue,grammaire,moteur,non relue
snk_engine-validation_01-v-176,Iku n da maro ke n yiga.,ils ont mangé le riz,iku n'da maro ke n'yiga,snk_engine/validation_01,CC BY 4.0,,inconnue,grammaire,moteur,non relue
snk_engine-validation_01-v-177,Nke faay yigene watia.,je suis en train de manger,nke fayi yigene watia,snk_engine/validation_01,CC BY 4.0,,inconnue,grammaire,moteur,non relue
snk_engine-validation_01-v-178,A na daga.,qu'il parte,a na daga,snk_engine/validation_01,CC BY 4.0,,inconnue,grammaire,moteur,non relue
snk_engine-validation_01-v-179,An yi dagana.,tu pars,an yi dagana,snk_engine/validation_01,CC BY 4.0,,inconnue,grammaire,moteur,non relue
snk_engine-validation_01-v-180,Ake n do dagaye ni ya me saxa.,il est en train de partir au marché,ake n'do dagaye ni ya me saxa,snk_engine/validation_01,CC BY 4.0,,inconnue,grammaire,moteur,non relue
snk_engine-validation_01-v-181,A faay dagana koota su.,il part tous les jours,a fayi dagana koota su,snk_engine/validation_01,CC BY 4.0,,inconnue,grammaire,moteur,non relue
snk_engine-validation_01-v-182,An wa dagana saxa.,tu pars au marché,an wa dagana saxa,snk_engine/validation_01,CC BY 4.0,,inconnue,grammaire,moteur,non relue
snk_engine-validation_01-v-183,I yi rini daga kumbene.,ils vont partir demain,i yi rini daga kumbene,snk_engine/validation_01,CC BY 4.0,,inconnue,grammaire,moteur,non relue
snk_engine-validation_01-v-184,Nke n ti rini daga.,je ne vais pas partir,nke n'ti rini daga,snk_engine/validation_01,CC BY 4.0,,inconnue,grammaire,moteur,non relue
snk_engine-validation_01-v-185,Anke m faay rini daga.,tu es sur le point de partir,anke m'fayi rini daga,snk_engine/validation_01,CC BY 4.0,,inconnue,grammaire,moteur,non relue
snk_engine-validation_01-v-186,Xaku n daga saxa.,vous êtes partis au marché,xaku n'daga saxa,snk_engine/validation_01,CC BY 4.0,,inconnue,grammaire,moteur,non relue
snk_engine-validation_01-v-187,Oku maxa daga.,nous ne sommes pas partis,oku maxa daga,snk_engine/validation_01,CC BY 4.0,,inconnue,grammaire,moteur,non relue
snk_engine-validation_01-v-188,Ake m faay dagana watia.,il est en train de partir,ake m'fayi dagana watia,snk_engine/validation_01,CC BY 4.0,,inconnue,grammaire,moteur,non relue
snk_engine-validation_01-v-189,Oku na faye saxa.,regardons au marché,oku na faye saxa,snk_engine/validation_01,CC BY 4.0,,inconnue,grammaire,moteur,non relue
snk_engine-validation_01-v-190,Ake n yi fayeni waxati su.,il regarde à tout moment,ake n'yi fayeni waxati su,snk_engine/validation_01,CC BY 4.0,,inconnue,grammaire,moteur,non relue
snk_engine-validation_01-v-191,Iku n do fayinde ni ya me.,ils sont en train de regarder,iku n'do fayinde ni ya me,snk_engine/validation_01,CC BY 4.0,,inconnue,grammaire,moteur,non relue
snk_engine-validation_01-v-192,Xaku m faay fayeni koota su.,vous regardez tous les jours,xaku m'fayi fayeni koota su,snk_engine/validation_01,CC BY 4.0,,inconnue,grammaire,moteur,non relue
snk_engine-validation_01-v-193,Anke ŋ'wa fayeni saxa.,tu regardes au marché,anke ŋ'wa fayeni saxa,snk_engine/validation_01,CC BY 4.0,,inconnue,grammaire,moteur,non relue
snk_engine-validation_01-v-194,Ake n yi rini faye.,il va regarder,ake n'yi rini faye,snk_engine/validation_01,CC BY 4.0,,inconnue,grammaire,moteur,non relue
snk_engine-validation_01-v-195,Nke n ti rini faye.,je ne vais pas regarder,nke n'ti rini faye,snk_engine/validation_01,CC BY 4.0,,inconnue,grammaire,moteur,non relue
snk_engine-validation_01-v-196,Xa faye lenki.,vous avez regardé aujourd'hui,xa faye lenki,snk_engine/validation_01,CC BY 4.0,,inconnue,grammaire,moteur,non relue
snk_engine-validation_01-v-197,Xa maxa faye.,vous n'avez pas regardé,xa maxa faye,snk_engine/validation_01,CC BY 4.0,,inconnue,grammaire,moteur,non relue
snk_engine-validation_01-v-198,Nke faay fayeni watia.,je suis en train de regarder,nke fayi fayeni watia,snk_engine/validation_01,CC BY 4.0,,inconnue,grammaire,moteur,non relue
snk_engine-validation_01-v-199,N na goli.,que je travaille,n na goli,snk_engine/validation_01,CC BY 4.0,,inconnue,grammaire,moteur,non relue
snk_engine-validation_01-v-200,A yi golini lenki.,il travaille aujourd'hui,a yi golini lenki,snk_engine/validation_01,CC BY 4.0,,inconnue,grammaire,moteur,non relue
snk_engine-validation_02-v-001,O na daga lenki.,partons aujourd'hui,o na daga lenki,snk_engine/validation_02,CC BY 4.0,,inconnue,grammaire,moteur,non relue
snk_engine-validation_02-v-002,Xaku n yi dagana waxati su.,vous partez à tout moment,xaku n'yi dagana waxati su,snk_engine/validation_02,CC BY 4.0,,inconnue,grammaire,moteur,non relue
snk_engine-validation_02-v-003,N do dagaye ni ya me.,je suis en train de partir,n do dagaye ni ya me,snk_engine/validation_02,CC BY 4.0,,inconnue,grammaire,moteur,non relue
snk_engine-validation_02-v-004,A faay dagana.,il part,a fayi dagana,snk_engine/validation_02,CC BY 4.0,,inconnue,grammaire,moteur,non relue
snk_engine-validation_02-v-005,Xa wa dagana saxa.,vous partez au marché,xa wa dagana saxa,snk_engine/validation_02,CC BY 4.0,,inconnue,grammaire,moteur,non relue
snk_engine-validation_02-v-006,Iku n yi rini daga.,ils vont partir,iku n'yi rini daga,snk_engine/validation_02,CC BY 4.0,,inconnue,grammaire,moteur,non relue
snk_engine-validation_02-v-007,I rini daga.,ils partiront,i rini daga,snk_engine/validation_02,CC BY 4.0,,inconnue,grammaire,moteur,non relue
snk_engine-validation_02-v-008,A daga.,il est parti,a daga,snk_engine/validation_02,CC BY 4.0,,inconnue,grammaire,moteur,non relue
snk_engine-validation_02-v-009,A maxa daga.,il n'est pas parti,a maxa daga,snk_engine/validation_02,CC BY 4.0,,inconnue,grammaire,moteur,non relue
snk_engine-validation_02-v-010,Nke faay dagana watia.,je suis en train de partir,nke fayi dagana watia,snk_engine/validation_02,CC BY 4.0,,inconnue,grammaire,moteur,non relue
snk_engine-validation_02-v-011,Nke na faye saxa.,que je regarde au marché,nke na faye saxa,snk_engine/validation_02,CC BY 4.0,,inconnue,grammaire,moteur,non relue
snk_engine-validation_02-v-012,O yi fayeni.,nous regardons,o yi fayeni,snk_engine/validation_02,CC BY 4.0,,inconnue,grammaire,moteur,non relue
snk_engine-validation_02-v-013,Ake n do fayinde ni ya me.,il est en train de regarder,ake n'do fayinde ni ya me,snk_engine/validation_02,CC BY 4.0,,inconnue,grammaire,moteur,non relue
snk_engine-validation_02-v-014,O faay fayeni.,nous regardons,o fayi fayeni,snk_engine/validation_02,CC BY 4.0,,inconnue,grammaire,moteur,non relue
snk_engine-validation_02-v-015,Nke wa fayeni.,je regarde,nke wa fayeni,snk_engine/validation_02,CC BY 4.0,,inconnue,grammaire,moteur,non relue
snk_engine-validation_02-v-016,O yi rini faye.,nous allons regarder,o yi rini faye,snk_engine/validation_02,CC BY 4.0,,inconnue,grammaire,moteur,non relue
snk_engine-validation_02-v-017,Xaku l'rini faye.,vous regarderez,xaku l'rini faye,snk_engine/validation_02,CC BY 4.0,,inconnue,grammaire,moteur,non relue
snk_engine-validation_02-v-018,N faye.,j'ai regardé,n faye,snk_engine/validation_02,CC BY 4.0,,inconnue,grammaire,moteur,non relue
snk_engine-validation_02-v-019,Oku maxa faye.,nous n'avons pas regardé,oku maxa faye,snk_engine/validation_02,CC BY 4.0,,inconnue,grammaire,moteur,non relue
snk_engine-validation_02-v-020,Anke m faay fayeni watia.,tu es en train de regarder,anke m'fayi fayeni watia,snk_engine/validation_02,CC BY 4.0,,inconnue,grammaire,moteur,non relue
snk_engine-validation_02-v-021,O na goli.,travaillons,o na goli,snk_engine/validation_02,CC BY 4.0,,inconnue,grammaire,moteur,non relue
snk_engine-validation_02-v-022,N yi golini koota su.,je travaille tous les jours,n yi golini koota su,snk_engine/validation_02,CC BY 4.0,,inconnue,grammaire,moteur,non relue
snk_engine-validation_02-v-023,Xaku n do goliye ni ya me.,vous êtes en train de travailler,xaku n'do goliye ni ya me,snk_engine/validation_02,CC BY 4.0,,inconnue,grammaire,moteur,non relue
snk_engine-validation_02-v-024,An faay golini koota su.,tu travailles tous les jours,an fayi golini koota su,snk_engine/validation_02,CC BY 4.0,,inconnue,grammaire,moteur,non relue
snk_engine-validation_02-v-025,A wa golini saxa.,il travaille au marché,a wa golini saxa,snk_engine/validation_02,CC BY 4.0,,inconnue,grammaire,moteur,non relue
snk_engine-validation_02-v-026,An yi rini goli kumbene.,tu vas travailler demain,an yi rini goli kumbene,snk_engine/validation_02,CC BY 4.0,,inconnue,grammaire,moteur,non relue
snk_engine-validation_02-v-027,N rini goli saxa.,je travaillerai au marché,n rini goli saxa,snk_engine/validation_02,CC BY 4.0,,inconnue,grammaire,moteur,non relue
snk_engine-validation_02-v-028,Nke n ti rini goli.,je ne vais pas travailler,nke n'ti rini goli,snk_engine/validation_02,CC BY 4.0,,inconnue,grammaire,moteur,non relue
snk_engine-validation_02-v-029,An goli saxa.,tu as travaillé au marché,an goli saxa,snk_engine/validation_02,CC BY 4.0,,inconnue,grammaire,moteur,non relue
snk_engine-validation_02-v-030,Iku maxa goli.,ils n'ont pas travaillé,iku maxa goli,snk_engine/validation_02,CC BY 4.0,,inconnue,grammaire,moteur,non relue
snk_engine-validation_02-v-031,Nke faay golini watia.,je suis en train de travailler,nke fayi golini watia,snk_engine/validation_02,CC BY 4.0,,inconnue,grammaire,moteur,non relue
snk_engine-validation_02-v-032,O na mini.,buvons,o na mini,snk_engine/validation_02,CC BY 4.0,,inconnue,grammaire,moteur,non relue
snk_engine-validation_02-v-033,O na xati ke m mini lenki.,buvons le lait aujourd'hui,o na xati ke m'mini lenki,snk_engine/validation_02,CC BY 4.0,,inconnue,grammaire,moteur,non relue
snk_engine-validation_02-v-034,Anke n yi minini saxa.,tu bois au marché,anke n'yi minini saxa,snk_engine/validation_02,CC BY 4.0,,inconnue,grammaire,moteur,non relue
snk_engine-validation_02-v-035,Xa do mina ni ya me.,vous êtes en train de boire,xa do mine ni ya me,snk_engine/validation_02,CC BY 4.0,,inconnue,grammaire,moteur,non relue
snk_engine-validation_02-v-036,Anke m faay minini waxati su.,tu bois à tout moment,anke m'fayi minini waxati su,snk_engine/validation_02,CC BY 4.0,,inconnue,grammaire,moteur,non relue
snk_engine-validation_02-v-037,Anke n do xati ke mina ni ya me.,tu es en train de boire le lait,anke n'do xati ke mine ni ya me,snk_engine/validation_02,CC BY 4.0,,inconnue,grammaire,moteur,non relue
snk_engine-validation_02-v-038,Xa wa minini.,vous buvez,xa wa minini,snk_engine/validation_02,CC BY 4.0,,inconnue,grammaire,moteur,non relue
snk_engine-validation_02-v-039,Oku yi rini mini.,nous allons boire,oku yi rini mini,snk_engine/validation_02,CC BY 4.0,,inconnue,grammaire,moteur,non relue
snk_engine-validation_02-v-040,Ake l'rini mini.,il boira,ake l'rini mini,snk_engine/validation_02,CC BY 4.0,,inconnue,grammaire,moteur,non relue
snk_engine-validation_02-v-041,Nke n ti rini mini.,je ne vais pas boire,nke n'ti rini mini,snk_engine/validation_02,CC BY 4.0,,inconnue,grammaire,moteur,non relue
snk_engine-validation_02-v-042,Xati mini.,bois du lait,xati mini,snk_engine/validation_02,CC BY 4.0,,inconnue,grammaire,moteur,non relue
snk_engine-validation_02-v-043,Iku m mini daaru.,ils ont bu hier,iku m'mini daru,snk_engine/validation_02,CC BY 4.0,,inconnue,grammaire,moteur,non relue
snk_engine-validation_02-v-044,A maxa mini.,il n'a pas bu,a maxa mini,snk_engine/validation_02,CC BY 4.0,,inconnue,grammaire,moteur,non relue
snk_engine-validation_02-v-045,Oku di xati ke m mini.,nous avons bu le lait,oku di xati ke m'mini,snk_engine/validation_02,CC BY 4.0,,inconnue,grammaire,moteur,non relue
snk_engine-validation_02-v-046,Ake n da xati m mini saxa.,il a bu du lait au marché,ake n'da xati m'mini saxa,snk_engine/validation_02,CC BY 4.0,,inconnue,grammaire,moteur,non relue
snk_engine-validation_02-v-047,Oku faay minini watia.,nous sommes en train de boire,oku fayi minini watia,snk_engine/validation_02,CC BY 4.0,,inconnue,grammaire,moteur,non relue
snk_engine-validation_02-v-048,A na ri saxa.,qu'il vienne au marché,a na ri saxa,snk_engine/validation_02,CC BY 4.0,,inconnue,grammaire,moteur,non relue
snk_engine-validation_02-v-049,Anke n yi rini lenki.,tu viens aujourd'hui,anke n'yi rini lenki,snk_engine/validation_02,CC BY 4.0,,inconnue,grammaire,moteur,non relue
snk_engine-validation_02-v-050,Xaku n do riye ni ya me saxa.,vous êtes en train de venir au marché,xaku n'do riye ni ya me saxa,snk_engine/validation_02,CC BY 4.0,,inconnue,grammaire,moteur,non relue
snk_engine-validation_02-v-051,Anke m faay rini koota su.,tu viens tous les jours,anke m'fayi rini koota su,snk_engine/validation_02,CC BY 4.0,,inconnue,grammaire,moteur,non relue
snk_engine-validation_02-v-052,N wa rini saxa.,je viens au marché,n wa rini saxa,snk_engine/validation_02,CC BY 4.0,,inconnue,grammaire,moteur,non relue
snk_engine-validation_02-v-053,Oku yi rini saxa.,nous allons venir au marché,oku yi rini saxa,snk_engine/validation_02,CC BY 4.0,,inconnue,grammaire,moteur,non relue
snk_engine-validation_02-v-054,N rini riya.,je viendrai,n rini riya,snk_engine/validation_02,CC BY 4.0,,inconnue,grammaire,moteur,non relue
snk_engine-validation_02-v-055,Iku n ti rini.,ils ne vont pas venir,iku n'ti rini,snk_engine/validation_02,CC BY 4.0,,inconnue,grammaire,moteur,non relue
snk_engine-validation_02-v-056,A ri lenki.,il est venu aujourd'hui,a ri lenki,snk_engine/validation_02,CC BY 4.0,,inconnue,grammaire,moteur,non relue
snk_engine-validation_02-v-057,O maxa ri.,nous ne sommes pas venus,o maxa ri,snk_engine/validation_02,CC BY 4.0,,inconnue,grammaire,moteur,non relue
snk_engine-validation_02-v-058,Anke m faay rini watia.,tu es en train de venir,anke m'fayi rini watia,snk_engine/validation_02,CC BY 4.0,,inconnue,grammaire,moteur,non relue
snk_engine-validation_02-v-059,I na safa saxa.,qu'ils écrivent au marché,i na safa saxa,snk_engine/validation_02,CC BY 4.0,,inconnue,grammaire,moteur,non relue
snk_engine-validation_02-v-060,A na lettra n safa.,qu'il écrive une lettre,a na lettra n'safa,snk_engine/validation_02,CC BY 4.0,,inconnue,grammaire,moteur,non relue
snk_engine-validation_02-v-061,A yi safana.,il écrit,a yi safana,snk_engine/validation_02,CC BY 4.0,,inconnue,grammaire,moteur,non relue
snk_engine-validation_02-v-062,Iku n do safande ni ya me saxa.,ils sont en train de écrire au marché,iku n'do safande ni ya me saxa,snk_engine/validation_02,CC BY 4.0,,inconnue,grammaire,moteur,non relue
snk_engine-validation_02-v-063,Ake m faay safana waxati su.,il écrit à tout moment,ake m'fayi safana waxati su,snk_engine/validation_02,CC BY 4.0,,inconnue,grammaire,moteur,non relue
snk_engine-validation_02-v-064,I yi lettra safana saxa.,ils écrivent une lettre au marché,i yi lettra safana saxa,snk_engine/validation_02,CC BY 4.0,,inconnue,grammaire,moteur,non relue
snk_engine-validation_02-v-065,Iku n do lettra safande ni ya me.,ils sont en train de écrire une lettre,iku n'do lettra safande ni ya me,snk_engine/validation_02,CC BY 4.0,,inconnue,grammaire,moteur,non relue
snk_engine-validation_02-v-066,O faay lettra safana.,nous écrivons une lettre,o fayi lettra safana,snk_engine/validation_02,CC BY 4.0,,inconnue,grammaire,moteur,non relue
snk_engine-validation_02-v-067,N wa lettra safana.,j'écris une lettre,n wa lettra safana,snk_engine/validation_02,CC BY 4.0,,inconnue,grammaire,moteur,non relue
snk_engine-validation_02-v-068,Ake ŋ'wa safana saxa.,il écrit au marché,ake ŋ'wa safana saxa,snk_engine/validation_02,CC BY 4.0,,inconnue,grammaire,moteur,non relue
snk_engine-validation_02-v-069,Iku n yi rini safa saxa.,ils vont écrire au marché,iku n'yi rini safa saxa,snk_engine/validation_02,CC BY 4.0,,inconnue,grammaire,moteur,non relue
snk_engine-validation_02-v-070,Xa rini safa saxa.,vous écrirez au marché,xa rini safa saxa,snk_engine/validation_02,CC BY 4.0,,inconnue,grammaire,moteur,non relue
snk_engine-validation_02-v-071,Anke n ti rini safa.,tu ne vas pas écrire,anke n'ti rini safa,snk_engine/validation_02,CC BY 4.0,,inconnue,grammaire,moteur,non relue
snk_engine-validation_02-v-072,Lettra safa.,écris une lettre,lettra safa,snk_engine/validation_02,CC BY 4.0,,inconnue,grammaire,moteur,non relue
snk_engine-validation_02-v-073,I safa saxa.,ils ont écrit au marché,i safa saxa,snk_engine/validation_02,CC BY 4.0,,inconnue,grammaire,moteur,non relue
snk_engine-validation_02-v-074,O maxa safa.,nous n'avons pas écrit,o maxa safa,snk_engine/validation_02,CC BY 4.0,,inconnue,grammaire,moteur,non relue
snk_engine-validation_02-v-075,A di lettra ke n safa lenki.,il a écrit la lettre aujourd'hui,a di lettra ke n'safa lenki,snk_engine/validation_02,CC BY 4.0,,inconnue,grammaire,moteur,non relue
snk_engine-validation_02-v-076,Ake n da lettra ke n safa saxa.,il a écrit la lettre au marché,ake n'da lettra ke n'safa saxa,snk_engine/validation_02,CC BY 4.0,,inconnue,grammaire,moteur,non relue
snk_engine-validation_02-v-077,Ake m faay safana watia.,il est en train de écrire,ake m'fayi safana watia,snk_engine/validation_02,CC BY 4.0,,inconnue,grammaire,moteur,non relue
snk_engine-validation_02-v-078,N na sefe lenki.,que je parle aujourd'hui,n na sefe lenki,snk_engine/validation_02,CC BY 4.0,,inconnue,grammaire,moteur,non relue
snk_engine-validation_02-v-079,N yi sefene waxati su.,je parle à tout moment,n yi sefene waxati su,snk_engine/validation_02,CC BY 4.0,,inconnue,grammaire,moteur,non relue
snk_engine-validation_02-v-080,A do sefeye ni ya me saxa.,il est en train de parler au marché,a do sefeye ni ya me saxa,snk_engine/validation_02,CC BY 4.0,,inconnue,grammaire,moteur,non relue
snk_engine-validation_02-v-081,Nke faay sefene waxati su.,je parle à tout moment,nke fayi sefene waxati su,snk_engine/validation_02,CC BY 4.0,,inconnue,grammaire,moteur,non relue
snk_engine-validation_02-v-082,Ake ŋ'wa sefene saxa.,il parle au marché,ake ŋ'wa sefene saxa,snk_engine/validation_02,CC BY 4.0,,inconnue,grammaire,moteur,non relue
snk_engine-validation_02-v-083,N yi rini sefe saxa.,je vais parler au marché,n yi rini sefe saxa,snk_engine/validation_02,CC BY 4.0,,inconnue,grammaire,moteur,non relue
snk_engine-validation_02-v-084,An rini sefe saxa.,tu parleras au marché,an rini sefe saxa,snk_engine/validation_02,CC BY 4.0,,inconnue,grammaire,moteur,non relue
snk_engine-validation_02-v-085,Anke n ti rini sefe.,tu ne vas pas parler,anke n'ti rini sefe,snk_engine/validation_02,CC BY 4.0,,inconnue,grammaire,moteur,non relue
snk_engine-validation_02-v-086,N sefe saxa.,j'ai parlé au marché,n sefe saxa,snk_engine/validation_02,CC BY 4.0,,inconnue,grammaire,moteur,non relue
snk_engine-validation_02-v-087,N maxa sefe.,je n'ai pas parlé,n maxa sefe,snk_engine/validation_02,CC BY 4.0,,inconnue,grammaire,moteur,non relue
snk_engine-validation_02-v-088,Anke m faay sefene watia.,tu es en train de parler,anke m'fayi sefene watia,snk_engine/validation_02,CC BY 4.0,,inconnue,grammaire,moteur,non relue
snk_engine-validation_02-v-089,I na wori lenki.,qu'ils voient aujourd'hui,i na wori lenki,snk_engine/validation_02,CC BY 4.0,,inconnue,grammaire,moteur,non relue
snk_engine-validation_02-v-090,A na maro ke ŋ'wori.,qu'il voie le riz,a na maro ke ŋ'wori,snk_engine/validation_02,CC BY 4.0,,inconnue,grammaire,moteur,non relue
snk_engine-validation_02-v-091,N yi worini.,je vois,n yi worini,snk_engine/validation_02,CC BY 4.0,,inconnue,grammaire,moteur,non relue
snk_engine-validation_02-v-092,Oku do woriye ni ya me saxa.,nous sommes en train de voir au marché,oku do woriye ni ya me saxa,snk_engine/validation_02,CC BY 4.0,,inconnue,grammaire,moteur,non relue
snk_engine-validation_02-v-093,Xa faay worini.,vous voyez,xa fayi worini,snk_engine/validation_02,CC BY 4.0,,inconnue,grammaire,moteur,non relue
snk_engine-validation_02-v-094,N do maro ke woriye ni ya me saxa.,je suis en train de voir le riz au marché,n do maro ke woriye ni ya me saxa,snk_engine/validation_02,CC BY 4.0,,inconnue,grammaire,moteur,non relue
snk_engine-validation_02-v-095,I wa worini saxa.,ils voient au marché,i wa worini saxa,snk_engine/validation_02,CC BY 4.0,,inconnue,grammaire,moteur,non relue
snk_engine-validation_02-v-096,Oku yi rini wori kumbene.,nous allons voir demain,oku yi rini wori kumbene,snk_engine/validation_02,CC BY 4.0,,inconnue,grammaire,moteur,non relue
snk_engine-validation_02-v-097,O rini wori.,nous verrons,o rini wori,snk_engine/validation_02,CC BY 4.0,,inconnue,grammaire,moteur,non relue
snk_engine-validation_02-v-098,Nke n ti rini wori.,je ne vais pas voir,nke n'ti rini wori,snk_engine/validation_02,CC BY 4.0,,inconnue,grammaire,moteur,non relue
snk_engine-validation_02-v-099,Lemine ke wori.,vois l'enfant,lemine ke wori,snk_engine/validation_02,CC BY 4.0,,inconnue,grammaire,moteur,non relue
snk_engine-validation_02-v-100,Ake ŋ'wori saxa.,il a vu au marché,ake ŋ'wori saxa,snk_engine/validation_02,CC BY 4.0,,inconnue,grammaire,moteur,non relue
snk_engine-validation_02-v-101,Oku maxa wori.,nous n'avons pas vu,oku maxa wori,snk_engine/validation_02,CC BY 4.0,,inconnue,grammaire,moteur,non relue
snk_engine-validation_02-v-102,Ake n di lettra ke ŋ'wori daaru.,il a vu la lettre hier,ake n'di lettra ke ŋ'wori daru,snk_engine/validation_02,CC BY 4.0,,inconnue,grammaire,moteur,non relue
snk_engine-validation_02-v-103,Xa da lettra ŋ'wori saxa.,vous avez vu une lettre au marché,xa da lettra ŋ'wori saxa,snk_engine/validation_02,CC BY 4.0,,inconnue,grammaire,moteur,non relue
snk_engine-validation_02-v-104,Ake m faay worini watia.,il est en train de voir,ake m'fayi worini watia,snk_engine/validation_02,CC BY 4.0,,inconnue,grammaire,moteur,non relue
snk_engine-validation_02-v-105,Oku na wuru lenki.,courons aujourd'hui,oku na wuru lenki,snk_engine/validation_02,CC BY 4.0,,inconnue,grammaire,moteur,non relue
snk_engine-validation_02-v-106,Xaku n yi wurunu.,vous courez,xaku n'yi wurunu,snk_engine/validation_02,CC BY 4.0,,inconnue,grammaire,moteur,non relue
snk_engine-validation_02-v-107,Xaku n do wuruye ni ya me saxa.,vous êtes en train de courir au marché,xaku n'do wuruye ni ya me saxa,snk_engine/validation_02,CC BY 4.0,,inconnue,grammaire,moteur,non relue
snk_engine-validation_02-v-108,Xa faay wurunu.,vous courez,xa fayi wurunu,snk_engine/validation_02,CC BY 4.0,,inconnue,grammaire,moteur,non relue
snk_engine-validation_02-v-109,Xa wa wurunu saxa.,vous courez au marché,xa wa wurunu saxa,snk_engine/validation_02,CC BY 4.0,,inconnue,grammaire,moteur,non relue
snk_engine-validation_02-v-110,Xa yi rini wuru saxa.,vous allez courir au marché,xa yi rini wuru saxa,snk_engine/validation_02,CC BY 4.0,,inconnue,grammaire,moteur,non relue
snk_engine-validation_02-v-111,An rini wuru saxa.,tu courras au marché,an rini wuru saxa,snk_engine/validation_02,CC BY 4.0,,inconnue,grammaire,moteur,non relue
snk_engine-validation_02-v-112,Nke n ti rini wuru.,je ne vais pas courir,nke n'ti rini wuru,snk_engine/validation_02,CC BY 4.0,,inconnue,grammaire,moteur,non relue
snk_engine-validation_02-v-113,Ake ŋ'wuru daaru.,il a couru hier,ake ŋ'wuru daru,snk_engine/validation_02,CC BY 4.0,,inconnue,grammaire,moteur,non relue
snk_engine-validation_02-v-114,N maxa wuru.,je n'ai pas couru,n maxa wuru,snk_engine/validation_02,CC BY 4.0,,inconnue,grammaire,moteur,non relue
snk_engine-validation_02-v-115,Anke m faay wurunu watia.,tu es en train de courir,anke m'fayi wurunu watia,snk_engine/validation_02,CC BY 4.0,,inconnue,grammaire,moteur,non relue
snk_engine-validation_02-v-116,Oku na wutu lenki.,prenons aujourd'hui,oku na wutu lenki,snk_engine/validation_02,CC BY 4.0,,inconnue,grammaire,moteur,non relue
snk_engine-validation_02-v-117,Oku do wutunde ni ya me.,nous sommes en train de prendre,oku do wutunde ni ya me,snk_engine/validation_02,CC BY 4.0,,inconnue,grammaire,moteur,non relue
snk_engine-validation_02-v-118,Iku n yi rini wutu saxa.,ils vont prendre au marché,iku n'yi rini wutu saxa,snk_engine/validation_02,CC BY 4.0,,inconnue,grammaire,moteur,non relue
snk_engine-validation_02-v-119,Xa rini wutu.,vous prendrez,xa rini wutu,snk_engine/validation_02,CC BY 4.0,,inconnue,grammaire,moteur,non relue
snk_engine-validation_02-v-120,Nke n ti rini wutu.,je ne vais pas prendre,nke n'ti rini wutu,snk_engine/validation_02,CC BY 4.0,,inconnue,grammaire,moteur,non relue
snk_engine-validation_02-v-121,O wutu lenki.,nous avons pris aujourd'hui,o wutu lenki,snk_engine/validation_02,CC BY 4.0,,inconnue,grammaire,moteur,non relue
snk_engine-validation_02-v-122,Oku maxa wutu.,nous n'avons pas pris,oku maxa wutu,snk_engine/validation_02,CC BY 4.0,,inconnue,grammaire,moteur,non relue
snk_engine-validation_02-v-123,I na yige lenki.,qu'ils mangent aujourd'hui,i na yige lenki,snk_engine/validation_02,CC BY 4.0,,inconnue,grammaire,moteur,non relue
snk_engine-validation_02-v-124,Oku na maro n yiga lenki.,mangeons du riz aujourd'hui,oku na maro n'yiga lenki,snk_engine/validation_02,CC BY 4.0,,inconnue,grammaire,moteur,non relue
snk_engine-validation_02-v-125,Iku n yi yigene koota su.,ils mangent tous les jours,iku n'yi yigene koota su,snk_engine/validation_02,CC BY 4.0,,inconnue,grammaire,moteur,non relue
snk_engine-validation_02-v-126,Xa do yigaye ni ya me.,vous êtes en train de manger,xa do yigaye ni ya me,snk_engine/validation_02,CC BY 4.0,,inconnue,grammaire,moteur,non relue
snk_engine-validation_02-v-127,Xa faay yigene waxati su.,vous mangez à tout moment,xa fayi yigene waxati su,snk_engine/validation_02,CC BY 4.0,,inconnue,grammaire,moteur,non relue
snk_engine-validation_02-v-128,Ake n yi maro yigane saxa.,il mange du riz au marché,ake n'yi maro yigane saxa,snk_engine/validation_02,CC BY 4.0,,inconnue,grammaire,moteur,non relue
snk_engine-validation_02-v-129,Ake n do maro yigaye ni ya me.,il est en train de manger du riz,ake n'do maro yigaye ni ya me,snk_engine/validation_02,CC BY 4.0,,inconnue,grammaire,moteur,non relue
snk_engine-validation_02-v-130,An faay maro ke yigane.,tu manges le riz,an fayi maro ke yigane,snk_engine/validation_02,CC BY 4.0,,inconnue,grammaire,moteur,non relue
snk_engine-validation_02-v-131,Iku ŋ'wa maro ke yigane.,ils mangent le riz,iku ŋ'wa maro ke yigane,snk_engine/validation_02,CC BY 4.0,,inconnue,grammaire,moteur,non relue
snk_engine-validation_02-v-132,Nke wa yigene saxa.,je mange au marché,nke wa yigene saxa,snk_engine/validation_02,CC BY 4.0,,inconnue,grammaire,moteur,non relue
snk_engine-validation_02-v-133,An yi rini yige kumbene.,tu vas manger demain,an yi rini yige kumbene,snk_engine/validation_02,CC BY 4.0,,inconnue,grammaire,moteur,non relue
snk_engine-validation_02-v-134,Xaku l'rini yige saxa.,vous mangerez au marché,xaku l'rini yige saxa,snk_engine/validation_02,CC BY 4.0,,inconnue,grammaire,moteur,non relue
snk_engine-validation_02-v-135,Nke n ti rini yige.,je ne vais pas manger,nke n'ti rini yige,snk_engine/validation_02,CC BY 4.0,,inconnue,grammaire,moteur,non relue
snk_engine-validation_02-v-136,Maro ke yiga.,mange le riz,maro ke yiga,snk_engine/validation_02,CC BY 4.0,,inconnue,grammaire,moteur,non relue
snk_engine-validation_02-v-137,A yige.,il a mangé,a yige,snk_engine/validation_02,CC BY 4.0,,inconnue,grammaire,moteur,non relue
snk_engine-validation_02-v-138,I maxa yige.,ils n'ont pas mangé,i maxa yige,snk_engine/validation_02,CC BY 4.0,,inconnue,grammaire,moteur,non relue
snk_engine-validation_02-v-139,An di maro n yiga lenki.,tu as mangé du riz aujourd'hui,an di maro n'yiga lenki,snk_engine/validation_02,CC BY 4.0,,inconnue,grammaire,moteur,non relue
snk_engine-validation_02-v-140,A da maro ke n yiga.,il a mangé le riz,a da maro ke n'yiga,snk_engine/validation_02,CC BY 4.0,,inconnue,grammaire,moteur,non relue
snk_engine-validation_02-v-141,Anke m faay yigene watia.,tu es en train de manger,anke m'fayi yigene watia,snk_engine/validation_02,CC BY 4.0,,inconnue,grammaire,moteur,non relue
snk_engine-validation_02-v-142,A na daga saxa.,qu'il parte au marché,a na daga saxa,snk_engine/validation_02,CC BY 4.0,,inconnue,grammaire,moteur,non relue
snk_engine-validation_02-v-143,A yi dagana lenki.,il part aujourd'hui,a yi dagana lenki,snk_engine/validation_02,CC BY 4.0,,inconnue,grammaire,moteur,non relue
snk_engine-validation_02-v-144,Anke n do dagaye ni ya me saxa.,tu es en train de partir au marché,anke n'do dagaye ni ya me saxa,snk_engine/validation_02,CC BY 4.0,,inconnue,grammaire,moteur,non relue
snk_engine-validation_02-v-145,Xa faay dagana koota su.,vous partez tous les jours,xa fayi dagana koota su,snk_engine/validation_02,CC BY 4.0,,inconnue,grammaire,moteur,non relue
snk_engine-validation_02-v-146,Nke wa dagana.,je pars,nke wa dagana,snk_engine/validation_02,CC BY 4.0,,inconnue,grammaire,moteur,non relue
snk_engine-validation_02-v-147,An yi rini daga.,tu vas partir,an yi rini daga,snk_engine/validation_02,CC BY 4.0,,inconnue,grammaire,moteur,non relue
snk_engine-validation_02-v-148,Nke rini daga saxa.,je partirai au marché,nke rini daga saxa,snk_engine/validation_02,CC BY 4.0,,inconnue,grammaire,moteur,non relue
snk_engine-validation_02-v-149,Xaku n daga lenki.,vous êtes partis aujourd'hui,xaku n'daga lenki,snk_engine/validation_02,CC BY 4.0,,inconnue,grammaire,moteur,non relue
snk_engine-validation_02-v-150,Xa maxa daga.,vous n'êtes pas partis,xa maxa daga,snk_engine/validation_02,CC BY 4.0,,inconnue,grammaire,moteur,non relue
snk_engine-validation_02-v-151,Anke m faay dagana watia.,tu es en train de partir,anke m'fayi dagana watia,snk_engine/validation_02,CC BY 4.0,,inconnue,grammaire,moteur,non relue
snk_engine-validation_02-v-152,Oku na faye.,regardons,oku na faye,snk_engine/validation_02,CC BY 4.0,,inconnue,grammaire,moteur,non relue
snk_engine-validation_02-v-153,N yi fayeni saxa.,je regarde au marché,n yi fayeni saxa,snk_engine/validation_02,CC BY 4.0,,inconnue,grammaire,moteur,non relue
snk_engine-validation_02-v-154,A do fayinde ni ya me.,il est en train de regarder,a do fayinde ni ya me,snk_engine/validation_02,CC BY 4.0,,inconnue,grammaire,moteur,non relue
snk_engine-validation_02-v-155,A faay fayeni waxati su.,il regarde à tout moment,a fayi fayeni waxati su,snk_engine/validation_02,CC BY 4.0,,inconnue,grammaire,moteur,non relue
snk_engine-validation_02-v-156,Iku ŋ'wa fayeni.,ils regardent,iku ŋ'wa fayeni,snk_engine/validation_02,CC BY 4.0,,inconnue,grammaire,moteur,non relue
snk_engine-validation_02-v-157,Nke yi rini faye.,je vais regarder,nke yi rini faye,snk_engine/validation_02,CC BY 4.0,,inconnue,grammaire,moteur,non relue
snk_engine-validation_02-v-158,Nke rini faye saxa.,je regarderai au marché,nke rini faye saxa,snk_engine/validation_02,CC BY 4.0,,inconnue,grammaire,moteur,non relue
snk_engine-validation_02-v-159,I faye lenki.,ils ont regardé aujourd'hui,i faye lenki,snk_engine/validation_02,CC BY 4.0,,inconnue,grammaire,moteur,non relue
snk_engine-validation_02-v-160,N maxa faye.,je n'ai pas regardé,n maxa faye,snk_engine/validation_02,CC BY 4.0,,inconnue,grammaire,moteur,non relue
snk_engine-validation_02-v-161,Oku faay fayeni watia.,nous sommes en train de regarder,oku fayi fayeni watia,snk_engine/validation_02,CC BY 4.0,,inconnue,grammaire,moteur,non relue
snk_engine-validation_02-v-162,Oku na goli lenki.,travaillons aujourd'hui,oku na goli lenki,snk_engine/validation_02,CC BY 4.0,,inconnue,grammaire,moteur,non relue
snk_engine-validation_02-v-163,Anke n yi golini lenki.,tu travailles aujourd'hui,anke n'yi golini lenki,snk_engine/validation_02,CC BY 4.0,,inconnue,grammaire,moteur,non relue
snk_engine-validation_02-v-164,Nke do goliye ni ya me.,je suis en train de travailler,nke do goliye ni ya me,snk_engine/validation_02,CC BY 4.0,,inconnue,grammaire,moteur,non relue
snk_engine-validation_02-v-165,Xaku m faay golini koota su.,vous travaillez tous les jours,xaku m'fayi golini koota su,snk_engine/validation_02,CC BY 4.0,,inconnue,grammaire,moteur,non relue
snk_engine-validation_02-v-166,Oku wa golini saxa.,nous travaillons au marché,oku wa golini saxa,snk_engine/validation_02,CC BY 4.0,,inconnue,grammaire,moteur,non relue
snk_engine-validation_02-v-167,An yi rini goli.,tu vas travailler,an yi rini goli,snk_engine/validation_02,CC BY 4.0,,inconnue,grammaire,moteur,non relue
snk_engine-validation_02-v-168,A rini goli.,il travaillera,a rini goli,snk_engine/validation_02,CC BY 4.0,,inconnue,grammaire,moteur,non relue
snk_engine-validation_02-v-169,A goli saxa.,il a travaillé au marché,a goli saxa,snk_engine/validation_02,CC BY 4.0,,inconnue,grammaire,moteur,non relue
snk_engine-validation_02-v-170,I maxa goli.,ils n'ont pas travaillé,i maxa goli,snk_engine/validation_02,CC BY 4.0,,inconnue,grammaire,moteur,non relue
snk_engine-validation_02-v-171,Ake m faay golini watia.,il est en train de travailler,ake m'fayi golini watia,snk_engine/validation_02,CC BY 4.0,,inconnue,grammaire,moteur,non relue
snk_engine-validation_02-v-172,An na mini lenki.,bois aujourd'hui,an na mini lenki,snk_engine/validation_02,CC BY 4.0,,inconnue,grammaire,moteur,non relue
snk_engine-validation_02-v-173,N na xati ke m mini saxa.,que je boive le lait au marché,n na xati ke m'mini saxa,snk_engine/validation_02,CC BY 4.0,,inconnue,grammaire,moteur,non relue
snk_engine-validation_02-v-174,Nke yi minini waxati su.,je bois à tout moment,nke yi minini waxati su,snk_engine/validation_02,CC BY 4.0,,inconnue,grammaire,moteur,non relue
snk_engine-validation_02-v-175,A do mina ni ya me saxa.,il est en train de boire au marché,a do mine ni ya me saxa,snk_engine/validation_02,CC BY 4.0,,inconnue,grammaire,moteur,non relue
snk_engine-validation_02-v-176,Iku m faay minini saxa.,ils boivent au marché,iku m'fayi minini saxa,snk_engine/validation_02,CC BY 4.0,,inconnue,grammaire,moteur,non relue
snk_engine-validation_02-v-177,Nke do xati ke mina ni ya me saxa.,je suis en train de boire le lait au marché,nke do xati ke mine ni ya me saxa,snk_engine/validation_02,CC BY 4.0,,inconnue,grammaire,moteur,non relue
snk_engine-validation_02-v-178,N wa minini.,je bois,n wa minini,snk_engine/validation_02,CC BY 4.0,,inconnue,grammaire,moteur,non relue
snk_engine-validation_02-v-179,N yi rini mini saxa.,je vais boire au marché,n yi rini mini saxa,snk_engine/validation_02,CC BY 4.0,,inconnue,grammaire,moteur,non relue
snk_engine-validation_02-v-180,Anke l'rini mini.,tu boiras,anke l'rini mini,snk_engine/validation_02,CC BY 4.0,,inconnue,grammaire,moteur,non relue
snk_engine-validation_02-v-181,Xaku m mini.,vous avez bu,xaku m'mini,snk_engine/validation_02,CC BY 4.0,,inconnue,grammaire,moteur,non relue
snk_engine-validation_02-v-182,Nke maxa mini.,je n'ai pas bu,nke maxa mini,snk_engine/validation_02,CC BY 4.0,,inconnue,grammaire,moteur,non relue
snk_engine-validation_02-v-183,Xa di xati ke m mini lenki.,vous avez bu le lait aujourd'hui,xa di xati ke m'mini lenki,snk_engine/validation_02,CC BY 4.0,,inconnue,grammaire,moteur,non relue
snk_engine-validation_02-v-184,A da xati m mini.,il a bu du lait,a da xati m'mini,snk_engine/validation_02,CC BY 4.0,,inconnue,grammaire,moteur,non relue
snk_engine-validation_02-v-185,Ake m faay minini watia.,il est en train de boire,ake m'fayi minini watia,snk_engine/validation_02,CC BY 4.0,,inconnue,grammaire,moteur,non relue
snk_engine-validation_02-v-186,O na ri saxa.,venons au marché,o na ri saxa,snk_engine/validation_02,CC BY 4.0,,inconnue,grammaire,moteur,non relue
snk_engine-validation_02-v-187,O yi rini waxati su.,nous venons à tout moment,o yi rini waxati su,snk_engine/validation_02,CC BY 4.0,,inconnue,grammaire,moteur,non relue
snk_engine-validation_02-v-188,Xa do riye ni ya me saxa.,vous êtes en train de venir au marché,xa do riye ni ya me saxa,snk_engine/validation_02,CC BY 4.0,,inconnue,grammaire,moteur,non relue
snk_engine-validation_02-v-189,Xa faay rini koota su.,vous venez tous les jours,xa fayi rini koota su,snk_engine/validation_02,CC BY 4.0,,inconnue,grammaire,moteur,non relue
snk_engine-validation_02-v-190,Anke ŋ'wa rini.,tu viens,anke ŋ'wa rini,snk_engine/validation_02,CC BY 4.0,,inconnue,grammaire,moteur,non relue
snk_engine-validation_02-v-191,Xaku n yi rini.,vous allez venir,xaku n'yi rini,snk_engine/validation_02,CC BY 4.0,,inconnue,grammaire,moteur,non relue
snk_engine-validation_02-v-192,Ake l'rini riya saxa.,il viendra au marché,ake l'rini riya saxa,snk_engine/validation_02,CC BY 4.0,,inconnue,grammaire,moteur,non relue
snk_engine-validation_02-v-193,I ri.,ils sont venus,i ri,snk_engine/validation_02,CC BY 4.0,,inconnue,grammaire,moteur,non relue
snk_engine-validation_02-v-194,Xa maxa ri.,vous n'êtes pas venus,xa maxa ri,snk_engine/validation_02,CC BY 4.0,,inconnue,grammaire,moteur,non relue
snk_engine-validation_02-v-195,Oku faay rini watia.,nous sommes en train de venir,oku fayi rini watia,snk_engine/validation_02,CC BY 4.0,,inconnue,grammaire,moteur,non relue
snk_engine-validation_02-v-196,N na safa lenki.,que je écrive aujourd'hui,n na safa lenki,snk_engine/validation_02,CC BY 4.0,,inconnue,grammaire,moteur,non relue
snk_engine-validation_02-v-197,Oku na lettra ke n safa lenki.,écrivons la lettre aujourd'hui,oku na lettra ke n'safa lenki,snk_engine/validation_02,CC BY 4.0,,inconnue,grammaire,moteur,non relue
snk_engine-validation_02-v-198,Anke n yi safana koota su.,tu écris tous les jours,anke n'yi safana koota su,snk_engine/validation_02,CC BY 4.0,,inconnue,grammaire,moteur,non relue
snk_engine-validation_02-v-199,An do safande ni ya me.,tu es en train de écrire,an do safande ni ya me,snk_engine/validation_02,CC BY 4.0,,inconnue,grammaire,moteur,non relue
snk_engine-validation_02-v-200,Oku faay safana saxa.,nous écrivons au marché,oku fayi safana saxa,snk_engine/validation_02,CC BY 4.0,,inconnue,grammaire,moteur,non relue
snk_engine-validation_03-v-001,Nke na baano saxa.,que je ressemble au marché,nke na baano saxa,snk_engine/validation_03,CC BY 4.0,,inconnue,grammaire,moteur,non relue
snk_engine-validation_03-v-002,Xa yi baanono lenki.,vous ressemblez aujourd'hui,xa yi baanono lenki,snk_engine/validation_03,CC BY 4.0,,inconnue,grammaire,moteur,non relue
snk_engine-validation_03-v-003,Anke n do baano-ye ni ya me.,tu es en train de ressembler,anke n'do baano-ye ni ya me,snk_engine/validation_03,CC BY 4.0,,inconnue,grammaire,moteur,non relue
snk_engine-validation_03-v-004,A faay baanono saxa.,il ressemble au marché,a fayi baanono saxa,snk_engine/validation_03,CC BY 4.0,,inconnue,grammaire,moteur,non relue
snk_engine-validation_03-v-005,An wa baanono.,tu ressembles,an wa baanono,snk_engine/validation_03,CC BY 4.0,,inconnue,grammaire,moteur,non relue
snk_engine-validation_03-v-006,Anke n yi rini baano saxa.,tu vas ressembler au marché,anke n'yi rini baano saxa,snk_engine/validation_03,CC BY 4.0,,inconnue,grammaire,moteur,non relue
snk_engine-validation_03-v-007,Xa rini baano.,vous ressemblerez,xa rini baano,snk_engine/validation_03,CC BY 4.0,,inconnue,grammaire,moteur,non relue
snk_engine-validation_03-v-008,Anke n ti rini baano.,tu ne vas pas ressembler,anke n'ti rini baano,snk_engine/validation_03,CC BY 4.0,,inconnue,grammaire,moteur,non relue
snk_engine-validation_03-v-009,Anke n taxa rini baano.,tu ne vas pas ressembler,anke n'taxa rini baano,snk_engine/validation_03,CC BY 4.0,,inconnue,grammaire,moteur,non relue
snk_engine-validation_03-v-010,Baano.,ressemble,baano,snk_engine/validation_03,CC BY 4.0,,inconnue,grammaire,moteur,non relue
snk_engine-validation_03-v-011,Maxa baano.,ne ressemble pas,maxa baano,snk_engine/validation_03,CC BY 4.0,,inconnue,grammaire,moteur,non relue
snk_engine-validation_03-v-012,Xa baano.,ressemblez,xa baano,snk_engine/validation_03,CC BY 4.0,,inconnue,grammaire,moteur,non relue
snk_engine-validation_03-v-013,Xa baano.,vous avez ressemblé,xa baano,snk_engine/validation_03,CC BY 4.0,,inconnue,grammaire,moteur,non relue
snk_engine-validation_03-v-014,Xa maxa baano.,vous n'avez pas ressemblé,xa maxa baano,snk_engine/validation_03,CC BY 4.0,,inconnue,grammaire,moteur,non relue
snk_engine-validation_03-v-015,Anke m faay baanono watia.,tu es en train de ressembler,anke m'fayi baanono watia,snk_engine/validation_03,CC BY 4.0,,inconnue,grammaire,moteur,non relue
snk_engine-validation_03-v-016,Xa na bakuman lenki.,distinguez aujourd'hui,xa na bakuman lenki,snk_engine/validation_03,CC BY 4.0,,inconnue,grammaire,moteur,non relue
snk_engine-validation_03-v-017,Xaku n yi bakumanni lenki.,vous distinguez aujourd'hui,xaku n'yi bakumanni lenki,snk_engine/validation_03,CC BY 4.0,,inconnue,grammaire,moteur,non relue
snk_engine-validation_03-v-018,I do bakuman-nde ni ya me.,ils sont en train de distinguer,i do bakuman-nde ni ya me,snk_engine/validation_03,CC BY 4.0,,inconnue,grammaire,moteur,non relue
snk_engine-validation_03-v-019,Anke m faay bakumanni saxa.,tu distingues au marché,anke m'fayi bakumanni saxa,snk_engine/validation_03,CC BY 4.0,,inconnue,grammaire,moteur,non relue
snk_engine-validation_03-v-020,N wa bakumanni saxa.,je distingue au marché,n wa bakumanni saxa,snk_engine/validation_03,CC BY 4.0,,inconnue,grammaire,moteur,non relue
snk_engine-validation_03-v-021,Iku n yi rini bakuman.,ils vont distinguer,iku n'yi rini bakuman,snk_engine/validation_03,CC BY 4.0,,inconnue,grammaire,moteur,non relue
snk_engine-validation_03-v-022,Xa rini bakuman.,vous distinguerez,xa rini bakuman,snk_engine/validation_03,CC BY 4.0,,inconnue,grammaire,moteur,non relue
snk_engine-validation_03-v-023,Nke n ti rini bakuman.,je ne vais pas distinguer,nke n'ti rini bakuman,snk_engine/validation_03,CC BY 4.0,,inconnue,grammaire,moteur,non relue
snk_engine-validation_03-v-024,Anke n taxa rini bakuman.,tu ne vas pas distinguer,anke n'taxa rini bakuman,snk_engine/validation_03,CC BY 4.0,,inconnue,grammaire,moteur,non relue
snk_engine-validation_03-v-025,Bakuman.,distingue,bakuman,snk_engine/validation_03,CC BY 4.0,,inconnue,grammaire,moteur,non relue
snk_engine-validation_03-v-026,Maxa bakuman.,ne distingue pas,maxa bakuman,snk_engine/validation_03,CC BY 4.0,,inconnue,grammaire,moteur,non relue
snk_engine-validation_03-v-027,Xa bakuman.,distinguez,xa bakuman,snk_engine/validation_03,CC BY 4.0,,inconnue,grammaire,moteur,non relue
snk_engine-validation_03-v-028,Iku m bakuman lenki.,ils ont distingué aujourd'hui,iku m'bakuman lenki,snk_engine/validation_03,CC BY 4.0,,inconnue,grammaire,moteur,non relue
snk_engine-validation_03-v-029,I maxa bakuman.,ils n'ont pas distingué,i maxa bakuman,snk_engine/validation_03,CC BY 4.0,,inconnue,grammaire,moteur,non relue
snk_engine-validation_03-v-030,Ake m faay bakumanni watia.,il est en train de distinguer,ake m'fayi bakumanni watia,snk_engine/validation_03,CC BY 4.0,,inconnue,grammaire,moteur,non relue
snk_engine-validation_03-v-031,A na bante lenki.,qu'il absente aujourd'hui,a na bante lenki,snk_engine/validation_03,CC BY 4.0,,inconnue,grammaire,moteur,non relue
snk_engine-validation_03-v-032,Oku yi bantene lenki.,nous absentons aujourd'hui,oku yi bantene lenki,snk_engine/validation_03,CC BY 4.0,,inconnue,grammaire,moteur,non relue
snk_engine-validation_03-v-033,An do bante-ye ni ya me.,tu es en train de absenter,an do bante-ye ni ya me,snk_engine/validation_03,CC BY 4.0,,inconnue,grammaire,moteur,non relue
snk_engine-validation_03-v-034,Oku faay bantene saxa.,nous absentons au marché,oku fayi bantene saxa,snk_engine/validation_03,CC BY 4.0,,inconnue,grammaire,moteur,non relue
snk_engine-validation_03-v-035,Xa wa bantene saxa.,vous absentez au marché,xa wa bantene saxa,snk_engine/validation_03,CC BY 4.0,,inconnue,grammaire,moteur,non relue
snk_engine-validation_03-v-036,An yi rini bante saxa.,tu vas absenter au marché,an yi rini bante saxa,snk_engine/validation_03,CC BY 4.0,,inconnue,grammaire,moteur,non relue
snk_engine-validation_03-v-037,Ake l'rini bante saxa.,il absentera au marché,ake l'rini bante saxa,snk_engine/validation_03,CC BY 4.0,,inconnue,grammaire,moteur,non relue
snk_engine-validation_03-v-038,Nke n ti rini bante.,je ne vais pas absenter,nke n'ti rini bante,snk_engine/validation_03,CC BY 4.0,,inconnue,grammaire,moteur,non relue
snk_engine-validation_03-v-039,Anke n taxa rini bante.,tu ne vas pas absenter,anke n'taxa rini bante,snk_engine/validation_03,CC BY 4.0,,inconnue,grammaire,moteur,non relue
snk_engine-validation_03-v-040,Bante.,absente,bante,snk_engine/validation_03,CC BY 4.0,,inconnue,grammaire,moteur,non relue
snk_engine-validation_03-v-041,Maxa bante.,ne absente pas,maxa bante,snk_engine/validation_03,CC BY 4.0,,inconnue,grammaire,moteur,non relue
snk_engine-validation_03-v-042,Xa bante.,absentez,xa bante,snk_engine/validation_03,CC BY 4.0,,inconnue,grammaire,moteur,non relue
snk_engine-validation_03-v-043,I bante daaru.,ils ont absenté hier,i bante daru,snk_engine/validation_03,CC BY 4.0,,inconnue,grammaire,moteur,non relue
snk_engine-validation_03-v-044,Xa maxa bante.,vous n'avez pas absenté,xa maxa bante,snk_engine/validation_03,CC BY 4.0,,inconnue,grammaire,moteur,non relue
snk_engine-validation_03-v-045,Anke m faay bantene watia.,tu es en train de absenter,anke m'fayi bantene watia,snk_engine/validation_03,CC BY 4.0,,inconnue,grammaire,moteur,non relue
snk_engine-validation_03-v-046,An na bara.,refuse,an na bara,snk_engine/validation_03,CC BY 4.0,,inconnue,grammaire,moteur,non relue
snk_engine-validation_03-v-047,Iku n yi barana koota su.,ils refusent tous les jours,iku n'yi barana koota su,snk_engine/validation_03,CC BY 4.0,,inconnue,grammaire,moteur,non relue
snk_engine-validation_03-v-048,An do bara-ye ni ya me.,tu es en train de refuser,an do bara-ye ni ya me,snk_engine/validation_03,CC BY 4.0,,inconnue,grammaire,moteur,non relue
snk_engine-validation_03-v-049,N faay barana saxa.,je refuse au marché,n fayi barana saxa,snk_engine/validation_03,CC BY 4.0,,inconnue,grammaire,moteur,non relue
snk_engine-validation_03-v-050,Oku wa barana saxa.,nous refusons au marché,oku wa barana saxa,snk_engine/validation_03,CC BY 4.0,,inconnue,grammaire,moteur,non relue
snk_engine-validation_03-v-051,Ake n yi rini bara saxa.,il va refuser au marché,ake n'yi rini bara saxa,snk_engine/validation_03,CC BY 4.0,,inconnue,grammaire,moteur,non relue
snk_engine-validation_03-v-052,I rini bara.,ils refuseront,i rini bara,snk_engine/validation_03,CC BY 4.0,,inconnue,grammaire,moteur,non relue
snk_engine-validation_03-v-053,Anke n ti rini bara.,tu ne vas pas refuser,anke n'ti rini bara,snk_engine/validation_03,CC BY 4.0,,inconnue,grammaire,moteur,non relue
snk_engine-validation_03-v-054,Anke n taxa rini bara.,tu ne vas pas refuser,anke n'taxa rini bara,snk_engine/validation_03,CC BY 4.0,,inconnue,grammaire,moteur,non relue
snk_engine-validation_03-v-055,Bara.,refuse,bara,snk_engine/validation_03,CC BY 4.0,,inconnue,grammaire,moteur,non relue
snk_engine-validation_03-v-056,Maxa bara.,ne refuse pas,maxa bara,snk_engine/validation_03,CC BY 4.0,,inconnue,grammaire,moteur,non relue
snk_engine-validation_03-v-057,Xa bara.,refusez,xa bara,snk_engine/validation_03,CC BY 4.0,,inconnue,grammaire,moteur,non relue
snk_engine-validation_03-v-058,A bara.,il a refusé,a bara,snk_engine/validation_03,CC BY 4.0,,inconnue,grammaire,moteur,non relue
snk_engine-validation_03-v-059,Ake maxa bara.,il n'a pas refusé,ake maxa bara,snk_engine/validation_03,CC BY 4.0,,inconnue,grammaire,moteur,non relue
snk_engine-validation_03-v-060,Ake m faay barana watia.,il est en train de refuser,ake m'fayi barana watia,snk_engine/validation_03,CC BY 4.0,,inconnue,grammaire,moteur,non relue
snk_engine-validation_03-v-061,Oku na batu.,obéissons,oku na batu,snk_engine/validation_03,CC BY 4.0,,inconnue,grammaire,moteur,non relue
snk_engine-validation_03-v-062,Anke n yi batunu koota su.,tu obéis tous les jours,anke n'yi batunu koota su,snk_engine/validation_03,CC BY 4.0,,inconnue,grammaire,moteur,non relue
snk_engine-validation_03-v-063,Anke n do batu-nde ni ya me.,tu es en train de obéir,anke n'do batu-nde ni ya me,snk_engine/validation_03,CC BY 4.0,,inconnue,grammaire,moteur,non relue
snk_engine-validation_03-v-064,Anke m faay batunu saxa.,tu obéis au marché,anke m'fayi batunu saxa,snk_engine/validation_03,CC BY 4.0,,inconnue,grammaire,moteur,non relue
snk_engine-validation_03-v-065,Nke wa batunu saxa.,j'obéis au marché,nke wa batunu saxa,snk_engine/validation_03,CC BY 4.0,,inconnue,grammaire,moteur,non relue
snk_engine-validation_03-v-066,Nke yi rini batu saxa.,je vais obéir au marché,nke yi rini batu saxa,snk_engine/validation_03,CC BY 4.0,,inconnue,grammaire,moteur,non relue
snk_engine-validation_03-v-067,Xa rini batu saxa.,vous obéirez au marché,xa rini batu saxa,snk_engine/validation_03,CC BY 4.0,,inconnue,grammaire,moteur,non relue
snk_engine-validation_03-v-068,Anke n ti rini batu.,tu ne vas pas obéir,anke n'ti rini batu,snk_engine/validation_03,CC BY 4.0,,inconnue,grammaire,moteur,non relue
snk_engine-validation_03-v-069,Anke n taxa rini batu.,tu ne vas pas obéir,anke n'taxa rini batu,snk_engine/validation_03,CC BY 4.0,,inconnue,grammaire,moteur,non relue
snk_engine-validation_03-v-070,Batu.,obéis,batu,snk_engine/validation_03,CC BY 4.0,,inconnue,grammaire,moteur,non relue
snk_engine-validation_03-v-071,Maxa batu.,ne obéis pas,maxa batu,snk_engine/validation_03,CC BY 4.0,,inconnue,grammaire,moteur,non relue
snk_engine-validation_03-v-072,Xa batu.,obéissez,xa batu,snk_engine/validation_03,CC BY 4.0,,inconnue,grammaire,moteur,non relue
snk_engine-validation_03-v-073,A batu saxa.,il a obéi au marché,a batu saxa,snk_engine/validation_03,CC BY 4.0,,inconnue,grammaire,moteur,non relue
snk_engine-validation_03-v-074,Iku maxa batu.,ils n'ont pas obéi,iku maxa batu,snk_engine/validation_03,CC BY 4.0,,inconnue,grammaire,moteur,non relue
snk_engine-validation_03-v-075,Ake m faay batunu watia.,il est en train de obéir,ake m'fayi batunu watia,snk_engine/validation_03,CC BY 4.0,,inconnue,grammaire,moteur,non relue
snk_engine-validation_03-v-076,I na besin lenki.,qu'ils frottent aujourd'hui,i na besin lenki,snk_engine/validation_03,CC BY 4.0,,inconnue,grammaire,moteur,non relue
snk_engine-validation_03-v-077,O yi besinni waxati su.,nous frottons à tout moment,o yi besinni waxati su,snk_engine/validation_03,CC BY 4.0,,inconnue,grammaire,moteur,non relue
snk_engine-validation_03-v-078,Xaku n do besin-nde ni ya me.,vous êtes en train de frotter,xaku n'do besin-nde ni ya me,snk_engine/validation_03,CC BY 4.0,,inconnue,grammaire,moteur,non relue
snk_engine-validation_03-v-079,O faay besinni.,nous frottons,o fayi besinni,snk_engine/validation_03,CC BY 4.0,,inconnue,grammaire,moteur,non relue
snk_engine-validation_03-v-080,Oku wa besinni saxa.,nous frottons au marché,oku wa besinni saxa,snk_engine/validation_03,CC BY 4.0,,inconnue,grammaire,moteur,non relue
snk_engine-validation_03-v-081,Ake n yi rini besin kumbene.,il va frotter demain,ake n'yi rini besin kumbene,snk_engine/validation_03,CC BY 4.0,,inconnue,grammaire,moteur,non relue
snk_engine-validation_03-v-082,Xa rini besin.,vous frotterez,xa rini besin,snk_engine/validation_03,CC BY 4.0,,inconnue,grammaire,moteur,non relue
snk_engine-validation_03-v-083,Nke n ti rini besin.,je ne vais pas frotter,nke n'ti rini besin,snk_engine/validation_03,CC BY 4.0,,inconnue,grammaire,moteur,non relue
snk_engine-validation_03-v-084,Anke n taxa rini besin.,tu ne vas pas frotter,anke n'taxa rini besin,snk_engine/validation_03,CC BY 4.0,,inconnue,grammaire,moteur,non relue
snk_engine-validation_03-v-085,Besin.,frotte,besin,snk_engine/validation_03,CC BY 4.0,,inconnue,grammaire,moteur,non relue
snk_engine-validation_03-v-086,Maxa besin.,ne frotte pas,maxa besin,snk_engine/validation_03,CC BY 4.0,,inconnue,grammaire,moteur,non relue
snk_engine-validation_03-v-087,Xa besin.,frottez,xa besin,snk_engine/validation_03,CC BY 4.0,,inconnue,grammaire,moteur,non relue
snk_engine-validation_03-v-088,O besin lenki.,nous avons frotté aujourd'hui,o besin lenki,snk_engine/validation_03,CC BY 4.0,,inconnue,grammaire,moteur,non relue
snk_engine-validation_03-v-089,Ake maxa besin.,il n'a pas frotté,ake maxa besin,snk_engine/validation_03,CC BY 4.0,,inconnue,grammaire,moteur,non relue
snk_engine-validation_03-v-090,Ake m faay besinni watia.,il est en train de frotter,ake m'fayi besinni watia,snk_engine/validation_03,CC BY 4.0,,inconnue,grammaire,moteur,non relue
snk_engine-validation_03-v-091,An na bexin lenki.,zippe aujourd'hui,an na bexin lenki,snk_engine/validation_03,CC BY 4.0,,inconnue,grammaire,moteur,non relue
snk_engine-validation_03-v-092,An yi bexinni waxati su.,tu zippes à tout moment,an yi bexinni waxati su,snk_engine/validation_03,CC BY 4.0,,inconnue,grammaire,moteur,non relue
snk_engine-validation_03-v-093,N do bexin-nde ni ya me saxa.,je suis en train de zipper au marché,n do bexin-nde ni ya me saxa,snk_engine/validation_03,CC BY 4.0,,inconnue,grammaire,moteur,non relue
snk_engine-validation_03-v-094,Nke faay bexinni.,je zippe,nke fayi bexinni,snk_engine/validation_03,CC BY 4.0,,inconnue,grammaire,moteur,non relue
snk_engine-validation_03-v-095,O wa bexinni saxa.,nous zippons au marché,o wa bexinni saxa,snk_engine/validation_03,CC BY 4.0,,inconnue,grammaire,moteur,non relue
snk_engine-validation_03-v-096,Oku yi rini bexin kumbene.,nous allons zipper demain,oku yi rini bexin kumbene,snk_engine/validation_03,CC BY 4.0,,inconnue,grammaire,moteur,non relue
snk_engine-validation_03-v-097,Ake l'rini bexin saxa.,il zippera au marché,ake l'rini bexin saxa,snk_engine/validation_03,CC BY 4.0,,inconnue,grammaire,moteur,non relue
snk_engine-validation_03-v-098,Nke n ti rini bexin.,je ne vais pas zipper,nke n'ti rini bexin,snk_engine/validation_03,CC BY 4.0,,inconnue,grammaire,moteur,non relue
snk_engine-validation_03-v-099,Anke n taxa rini bexin.,tu ne vas pas zipper,anke n'taxa rini bexin,snk_engine/validation_03,CC BY 4.0,,inconnue,grammaire,moteur,non relue
snk_engine-validation_03-v-100,Bexin.,zippe,bexin,snk_engine/validation_03,CC BY 4.0,,inconnue,grammaire,moteur,non relue
snk_engine-validation_03-v-101,Maxa bexin.,ne zippe pas,maxa bexin,snk_engine/validation_03,CC BY 4.0,,inconnue,grammaire,moteur,non relue
snk_engine-validation_03-v-102,Xa bexin.,zippez,xa bexin,snk_engine/validation_03,CC BY 4.0,,inconnue,grammaire,moteur,non relue
snk_engine-validation_03-v-103,N bexin lenki.,j'ai zippé aujourd'hui,n bexin lenki,snk_engine/validation_03,CC BY 4.0,,inconnue,grammaire,moteur,non relue
snk_engine-validation_03-v-104,Xaku maxa bexin.,vous n'avez pas zippé,xaku maxa bexin,snk_engine/validation_03,CC BY 4.0,,inconnue,grammaire,moteur,non relue
snk_engine-validation_03-v-105,Anke m faay bexinni watia.,tu es en train de zipper,anke m'fayi bexinni watia,snk_engine/validation_03,CC BY 4.0,,inconnue,grammaire,moteur,non relue
snk_engine-validation_03-v-106,I na biyi lenki.,qu'ils brûlent aujourd'hui,i na biyi lenki,snk_engine/validation_03,CC BY 4.0,,inconnue,grammaire,moteur,non relue
snk_engine-validation_03-v-107,Iku n yi biyini koota su.,ils brûlent tous les jours,iku n'yi biyini koota su,snk_engine/validation_03,CC BY 4.0,,inconnue,grammaire,moteur,non relue
snk_engine-validation_03-v-108,Xa do biyi-nde ni ya me saxa.,vous êtes en train de brûler au marché,xa do biyi-nde ni ya me saxa,snk_engine/validation_03,CC BY 4.0,,inconnue,grammaire,moteur,non relue
snk_engine-validation_03-v-109,Anke m faay biyini saxa.,tu brûles au marché,anke m'fayi biyini saxa,snk_engine/validation_03,CC BY 4.0,,inconnue,grammaire,moteur,non relue
snk_engine-validation_03-v-110,An wa biyini.,tu brûles,an wa biyini,snk_engine/validation_03,CC BY 4.0,,inconnue,grammaire,moteur,non relue
snk_engine-validation_03-v-111,N yi rini biyi.,je vais brûler,n yi rini biyi,snk_engine/validation_03,CC BY 4.0,,inconnue,grammaire,moteur,non relue
snk_engine-validation_03-v-112,Anke l'rini biyi saxa.,tu brûleras au marché,anke l'rini biyi saxa,snk_engine/validation_03,CC BY 4.0,,inconnue,grammaire,moteur,non relue
snk_engine-validation_03-v-113,Anke n ti rini biyi.,tu ne vas pas brûler,anke n'ti rini biyi,snk_engine/validation_03,CC BY 4.0,,inconnue,grammaire,moteur,non relue
snk_engine-validation_03-v-114,Anke n taxa rini biyi.,tu ne vas pas brûler,anke n'taxa rini biyi,snk_engine/validation_03,CC BY 4.0,,inconnue,grammaire,moteur,non relue
snk_engine-validation_03-v-115,Biyi.,brûle,biyi,snk_engine/validation_03,CC BY 4.0,,inconnue,grammaire,moteur,non relue
snk_engine-validation_03-v-116,Maxa biyi.,ne brûle pas,maxa biyi,snk_engine/validation_03,CC BY 4.0,,inconnue,grammaire,moteur,non relue
snk_engine-validation_03-v-117,Xa biyi.,brûlez,xa biyi,snk_engine/validation_03,CC BY 4.0,,inconnue,grammaire,moteur,non relue
snk_engine-validation_03-v-118,O biyi saxa.,nous avons brûlé au marché,o biyi saxa,snk_engine/validation_03,CC BY 4.0,,inconnue,grammaire,moteur,non relue
snk_engine-validation_03-v-119,O maxa biyi.,nous n'avons pas brûlé,o maxa biyi,snk_engine/validation_03,CC BY 4.0,,inconnue,grammaire,moteur,non relue
snk_engine-validation_03-v-120,Oku faay biyini watia.,nous sommes en train de brûler,oku fayi biyini watia,snk_engine/validation_03,CC BY 4.0,,inconnue,grammaire,moteur,non relue
snk_engine-validation_03-v-121,Nke na boguman saxa.,que je sépare au marché,nke na boguman saxa,snk_engine/validation_03,CC BY 4.0,,inconnue,grammaire,moteur,non relue
snk_engine-validation_03-v-122,N yi bogumanni saxa.,je sépare au marché,n yi bogumanni saxa,snk_engine/validation_03,CC BY 4.0,,inconnue,grammaire,moteur,non relue
snk_engine-validation_03-v-123,Nke do boguman-nde ni ya me saxa.,je suis en train de séparer au marché,nke do boguman-nde ni ya me saxa,snk_engine/validation_03,CC BY 4.0,,inconnue,grammaire,moteur,non relue
snk_engine-validation_03-v-124,Xaku m faay bogumanni.,vous séparez,xaku m'fayi bogumanni,snk_engine/validation_03,CC BY 4.0,,inconnue,grammaire,moteur,non relue
snk_engine-validation_03-v-125,Xaku ŋ'wa bogumanni saxa.,vous séparez au marché,xaku ŋ'wa bogumanni saxa,snk_engine/validation_03,CC BY 4.0,,inconnue,grammaire,moteur,non relue
snk_engine-validation_03-v-126,Nke yi rini boguman.,je vais séparer,nke yi rini boguman,snk_engine/validation_03,CC BY 4.0,,inconnue,grammaire,moteur,non relue
snk_engine-validation_03-v-127,A rini boguman saxa.,il séparera au marché,a rini boguman saxa,snk_engine/validation_03,CC BY 4.0,,inconnue,grammaire,moteur,non relue
snk_engine-validation_03-v-128,Anke n ti rini boguman.,tu ne vas pas séparer,anke n'ti rini boguman,snk_engine/validation_03,CC BY 4.0,,inconnue,grammaire,moteur,non relue
snk_engine-validation_03-v-129,Anke n taxa rini boguman.,tu ne vas pas séparer,anke n'taxa rini boguman,snk_engine/validation_03,CC BY 4.0,,inconnue,grammaire,moteur,non relue
snk_engine-validation_03-v-130,Boguman.,sépare,boguman,snk_engine/validation_03,CC BY 4.0,,inconnue,grammaire,moteur,non relue
snk_engine-validation_03-v-131,Maxa boguman.,ne sépare pas,maxa boguman,snk_engine/validation_03,CC BY 4.0,,inconnue,grammaire,moteur,non relue
snk_engine-validation_03-v-132,Xa boguman.,séparez,xa boguman,snk_engine/validation_03,CC BY 4.0,,inconnue,grammaire,moteur,non relue
snk_engine-validation_03-v-133,Xaku m boguman saxa.,vous avez séparé au marché,xaku m'boguman saxa,snk_engine/validation_03,CC BY 4.0,,inconnue,grammaire,moteur,non relue
snk_engine-validation_03-v-134,N maxa boguman.,je n'ai pas séparé,n maxa boguman,snk_engine/validation_03,CC BY 4.0,,inconnue,grammaire,moteur,non relue
snk_engine-validation_03-v-135,Oku faay bogumanni watia.,nous sommes en train de séparer,oku fayi bogumanni watia,snk_engine/validation_03,CC BY 4.0,,inconnue,grammaire,moteur,non relue
snk_engine-validation_03-v-136,Oku na bonte saxa.,sautons au marché,oku na bonte saxa,snk_engine/validation_03,CC BY 4.0,,inconnue,grammaire,moteur,non relue
snk_engine-validation_03-v-137,Xaku n yi bontene.,vous sautez,xaku n'yi bontene,snk_engine/validation_03,CC BY 4.0,,inconnue,grammaire,moteur,non relue
snk_engine-validation_03-v-138,I do bonte-ye ni ya me saxa.,ils sont en train de sauter au marché,i do bonte-ye ni ya me saxa,snk_engine/validation_03,CC BY 4.0,,inconnue,grammaire,moteur,non relue
snk_engine-validation_03-v-139,N faay bontene.,je saute,n fayi bontene,snk_engine/validation_03,CC BY 4.0,,inconnue,grammaire,moteur,non relue
snk_engine-validation_03-v-140,Iku ŋ'wa bontene saxa.,ils sautent au marché,iku ŋ'wa bontene saxa,snk_engine/validation_03,CC BY 4.0,,inconnue,grammaire,moteur,non relue
snk_engine-validation_03-v-141,Oku yi rini bonte saxa.,nous allons sauter au marché,oku yi rini bonte saxa,snk_engine/validation_03,CC BY 4.0,,inconnue,grammaire,moteur,non relue
snk_engine-validation_03-v-142,Oku rini bonte.,nous sauterons,oku rini bonte,snk_engine/validation_03,CC BY 4.0,,inconnue,grammaire,moteur,non relue
snk_engine-validation_03-v-143,Nke n ti rini bonte.,je ne vais pas sauter,nke n'ti rini bonte,snk_engine/validation_03,CC BY 4.0,,inconnue,grammaire,moteur,non relue
snk_engine-validation_03-v-144,Anke n taxa rini bonte.,tu ne vas pas sauter,anke n'taxa rini bonte,snk_engine/validation_03,CC BY 4.0,,inconnue,grammaire,moteur,non relue
snk_engine-validation_03-v-145,Bonte.,saute,bonte,snk_engine/validation_03,CC BY 4.0,,inconnue,grammaire,moteur,non relue
snk_engine-validation_03-v-146,Maxa bonte.,ne saute pas,maxa bonte,snk_engine/validation_03,CC BY 4.0,,inconnue,grammaire,moteur,non relue
snk_engine-validation_03-v-147,Xa bonte.,sautez,xa bonte,snk_engine/validation_03,CC BY 4.0,,inconnue,grammaire,moteur,non relue
snk_engine-validation_03-v-148,Xa bonte saxa.,vous avez sauté au marché,xa bonte saxa,snk_engine/validation_03,CC BY 4.0,,inconnue,grammaire,moteur,non relue
snk_engine-validation_03-v-149,A maxa bonte.,il n'a pas sauté,a maxa bonte,snk_engine/validation_03,CC BY 4.0,,inconnue,grammaire,moteur,non relue
snk_engine-validation_03-v-150,Nke faay bontene watia.,je suis en train de sauter,nke fayi bontene watia,snk_engine/validation_03,CC BY 4.0,,inconnue,grammaire,moteur,non relue
snk_engine-validation_03-v-151,Oku na boxu.,déchirons,oku na boxu,snk_engine/validation_03,CC BY 4.0,,inconnue,grammaire,moteur,non relue
snk_engine-validation_03-v-152,Nke yi boxunu lenki.,je déchire aujourd'hui,nke yi boxunu lenki,snk_engine/validation_03,CC BY 4.0,,inconnue,grammaire,moteur,non relue
snk_engine-validation_03-v-153,A do boxu-nde ni ya me.,il est en train de déchirer,a do boxu-nde ni ya me,snk_engine/validation_03,CC BY 4.0,,inconnue,grammaire,moteur,non relue
snk_engine-validation_03-v-154,Nke faay boxunu.,je déchire,nke fayi boxunu,snk_engine/validation_03,CC BY 4.0,,inconnue,grammaire,moteur,non relue
snk_engine-validation_03-v-155,Iku ŋ'wa boxunu saxa.,ils déchirent au marché,iku ŋ'wa boxunu saxa,snk_engine/validation_03,CC BY 4.0,,inconnue,grammaire,moteur,non relue
snk_engine-validation_03-v-156,Xa yi rini boxu saxa.,vous allez déchirer au marché,xa yi rini boxu saxa,snk_engine/validation_03,CC BY 4.0,,inconnue,grammaire,moteur,non relue
snk_engine-validation_03-v-157,Xa rini boxu saxa.,vous déchirerez au marché,xa rini boxu saxa,snk_engine/validation_03,CC BY 4.0,,inconnue,grammaire,moteur,non relue
snk_engine-validation_03-v-158,Anke n ti rini boxu.,tu ne vas pas déchirer,anke n'ti rini boxu,snk_engine/validation_03,CC BY 4.0,,inconnue,grammaire,moteur,non relue
snk_engine-validation_03-v-159,Anke n taxa rini boxu.,tu ne vas pas déchirer,anke n'taxa rini boxu,snk_engine/validation_03,CC BY 4.0,,inconnue,grammaire,moteur,non relue
snk_engine-validation_03-v-160,Boxu.,déchire,boxu,snk_engine/validation_03,CC BY 4.0,,inconnue,grammaire,moteur,non relue
snk_engine-validation_03-v-161,Maxa boxu.,ne déchire pas,maxa boxu,snk_engine/validation_03,CC BY 4.0,,inconnue,grammaire,moteur,non relue
snk_engine-validation_03-v-162,Xa boxu.,déchirez,xa boxu,snk_engine/validation_03,CC BY 4.0,,inconnue,grammaire,moteur,non relue
snk_engine-validation_03-v-163,Xa boxu saxa.,vous avez déchiré au marché,xa boxu saxa,snk_engine/validation_03,CC BY 4.0,,inconnue,grammaire,moteur,non relue
snk_engine-validation_03-v-164,Xaku maxa boxu.,vous n'avez pas déchiré,xaku maxa boxu,snk_engine/validation_03,CC BY 4.0,,inconnue,grammaire,moteur,non relue
snk_engine-validation_03-v-165,Anke m faay boxunu watia.,tu es en train de déchirer,anke m'fayi boxunu watia,snk_engine/validation_03,CC BY 4.0,,inconnue,grammaire,moteur,non relue
snk_engine-validation_03-v-166,An na bulxa saxa.,efface au marché,an na bulxa saxa,snk_engine/validation_03,CC BY 4.0,,inconnue,grammaire,moteur,non relue
snk_engine-validation_03-v-167,Anke n yi bulxana lenki.,tu effaces aujourd'hui,anke n'yi bulxana lenki,snk_engine/validation_03,CC BY 4.0,,inconnue,grammaire,moteur,non relue
snk_engine-validation_03-v-168,A do bulxa-nde ni ya me saxa.,il est en train de effacer au marché,a do bulxa-nde ni ya me saxa,snk_engine/validation_03,CC BY 4.0,,inconnue,grammaire,moteur,non relue
snk_engine-validation_03-v-169,An faay bulxana koota su.,tu effaces tous les jours,an fayi bulxana koota su,snk_engine/validation_03,CC BY 4.0,,inconnue,grammaire,moteur,non relue
snk_engine-validation_03-v-170,An wa bulxana saxa.,tu effaces au marché,an wa bulxana saxa,snk_engine/validation_03,CC BY 4.0,,inconnue,grammaire,moteur,non relue
snk_engine-validation_03-v-171,Anke n yi rini bulxa saxa.,tu vas effacer au marché,anke n'yi rini bulxa saxa,snk_engine/validation_03,CC BY 4.0,,inconnue,grammaire,moteur,non relue
snk_engine-validation_03-v-172,Xa rini bulxa.,vous effacerez,xa rini bulxa,snk_engine/validation_03,CC BY 4.0,,inconnue,grammaire,moteur,non relue
snk_engine-validation_03-v-173,Anke n ti rini bulxa.,tu ne vas pas effacer,anke n'ti rini bulxa,snk_engine/validation_03,CC BY 4.0,,inconnue,grammaire,moteur,non relue
snk_engine-validation_03-v-174,Anke n taxa rini bulxa.,tu ne vas pas effacer,anke n'taxa rini bulxa,snk_engine/validation_03,CC BY 4.0,,inconnue,grammaire,moteur,non relue
snk_engine-validation_03-v-175,Bulxa.,efface,bulxa,snk_engine/validation_03,CC BY 4.0,,inconnue,grammaire,moteur,non relue
snk_engine-validation_03-v-176,Maxa bulxa.,ne efface pas,maxa bulxa,snk_engine/validation_03,CC BY 4.0,,inconnue,grammaire,moteur,non relue
snk_engine-validation_03-v-177,Xa bulxa.,effacez,xa bulxa,snk_engine/validation_03,CC BY 4.0,,inconnue,grammaire,moteur,non relue
snk_engine-validation_03-v-178,N bulxa daaru.,j'ai effacé hier,n bulxa daru,snk_engine/validation_03,CC BY 4.0,,inconnue,grammaire,moteur,non relue
snk_engine-validation_03-v-179,Anke maxa bulxa.,tu n'as pas effacé,anke maxa bulxa,snk_engine/validation_03,CC BY 4.0,,inconnue,grammaire,moteur,non relue
snk_engine-validation_03-v-180,Anke m faay bulxana watia.,tu es en train de effacer,anke m'fayi bulxana watia,snk_engine/validation_03,CC BY 4.0,,inconnue,grammaire,moteur,non relue
snk_engine-validation_03-v-181,Nke na contan.,que je compte,nke na contan,snk_engine/validation_03,CC BY 4.0,,inconnue,grammaire,moteur,non relue
snk_engine-validation_03-v-182,O yi contanni saxa.,nous comptons au marché,o yi contanni saxa,snk_engine/validation_03,CC BY 4.0,,inconnue,grammaire,moteur,non relue
snk_engine-validation_03-v-183,Xa do contan-nde ni ya me.,vous êtes en train de compter,xa do contan-nde ni ya me,snk_engine/validation_03,CC BY 4.0,,inconnue,grammaire,moteur,non relue
snk_engine-validation_03-v-184,An faay contanni koota su.,tu comptes tous les jours,an fayi contanni koota su,snk_engine/validation_03,CC BY 4.0,,inconnue,grammaire,moteur,non relue
snk_engine-validation_03-v-185,N wa contanni saxa.,je compte au marché,n wa contanni saxa,snk_engine/validation_03,CC BY 4.0,,inconnue,grammaire,moteur,non relue
snk_engine-validation_03-v-186,Ake n yi rini contan.,il va compter,ake n'yi rini contan,snk_engine/validation_03,CC BY 4.0,,inconnue,grammaire,moteur,non relue
snk_engine-validation_03-v-187,Ake l'rini contan saxa.,il comptera au marché,ake l'rini contan saxa,snk_engine/validation_03,CC BY 4.0,,inconnue,grammaire,moteur,non relue
snk_engine-validation_03-v-188,Nke n ti rini contan.,je ne vais pas compter,nke n'ti rini contan,snk_engine/validation_03,CC BY 4.0,,inconnue,grammaire,moteur,non relue
snk_engine-validation_03-v-189,Anke n taxa rini contan.,tu ne vas pas compter,anke n'taxa rini contan,snk_engine/validation_03,CC BY 4.0,,inconnue,grammaire,moteur,non relue
snk_engine-validation_03-v-190,Contan.,compte,contan,snk_engine/validation_03,CC BY 4.0,,inconnue,grammaire,moteur,non relue
snk_engine-validation_03-v-191,Maxa contan.,ne compte pas,maxa contan,snk_engine/validation_03,CC BY 4.0,,inconnue,grammaire,moteur,non relue
snk_engine-validation_03-v-192,Xa contan.,comptez,xa contan,snk_engine/validation_03,CC BY 4.0,,inconnue,grammaire,moteur,non relue
snk_engine-validation_03-v-193,I contan.,ils ont compté,i contan,snk_engine/validation_03,CC BY 4.0,,inconnue,grammaire,moteur,non relue
snk_engine-validation_03-v-194,N maxa contan.,je n'ai pas compté,n maxa contan,snk_engine/validation_03,CC BY 4.0,,inconnue,grammaire,moteur,non relue
snk_engine-validation_03-v-195,Oku faay contanni watia.,nous sommes en train de compter,oku fayi contanni watia,snk_engine/validation_03,CC BY 4.0,,inconnue,grammaire,moteur,non relue
snk_engine-validation_03-v-196,N na daga.,que je parte,n na daga,snk_engine/validation_03,CC BY 4.0,,inconnue,grammaire,moteur,non relue
snk_engine-validation_03-v-197,Iku n yi dagana koota su.,ils partent tous les jours,iku n'yi dagana koota su,snk_engine/validation_03,CC BY 4.0,,inconnue,grammaire,moteur,non relue
snk_engine-validation_03-v-198,An do dagaye ni ya me saxa.,tu es en train de partir au marché,an do dagaye ni ya me saxa,snk_engine/validation_03,CC BY 4.0,,inconnue,grammaire,moteur,non relue
snk_engine-validation_03-v-199,Oku faay dagana waxati su.,nous partons à tout moment,oku fayi dagana waxati su,snk_engine/validation_03,CC BY 4.0,,inconnue,grammaire,moteur,non relue
snk_engine-validation_03-v-200,O wa dagana.,nous partons,o wa dagana,snk_engine/validation_03,CC BY 4.0,,inconnue,grammaire,moteur,non relue
